county_fips,county,state,annual_zhvi_2015,annual_zhvi_2024,median_household_income_2015,median_household_income_2024,payment_burden_2015_pct,payment_burden_2024_pct,zhvi_growth_pct,income_growth_pct,payment_growth_pct,burden_change_pp
01001,Autauga County,AL,164537.87,249070.6,56580.0,78840.0,13.09,19.61,51.38,39.34,108.8,6.52
01003,Baldwin County,AL,199569.13,379290.19,52387.0,82519.0,17.15,28.54,90.05,57.52,162.15,11.39
01007,Bibb County,AL,145398.38,220407.42,40767.0,60359.0,16.05,22.67,51.59,48.06,109.09,6.62
01009,Blount County,AL,143180.66,230252.47,50487.0,69371.0,12.76,20.61,60.81,37.4,121.81,7.84
01013,Butler County,AL,98016.36,123801.21,33868.0,47673.0,13.03,16.12,26.31,40.76,74.22,3.1
01015,Calhoun County,AL,114936.56,160839.45,42091.0,53533.0,12.29,18.65,39.94,27.18,93.02,6.36
01017,Chambers County,AL,88769.52,138128.84,35560.0,51067.0,11.24,16.79,55.6,43.61,114.63,5.56
01019,Cherokee County,AL,130346.39,219032.23,39144.0,61632.0,14.99,22.06,68.04,57.45,131.78,7.08
01021,Chilton County,AL,124829.04,211887.91,42767.0,66063.0,13.14,19.91,69.74,54.47,134.13,6.77
01027,Clay County,AL,101579.76,168978.93,38908.0,53550.0,11.75,19.59,66.35,37.63,129.45,7.84
01029,Cleburne County,AL,114199.32,216742.21,42136.0,62370.0,12.2,21.57,89.79,48.02,161.79,9.38
01031,Coffee County,AL,121616.77,182822.23,46858.0,71584.0,11.68,15.86,50.33,52.77,107.35,4.17
01037,Coosa County,AL,122096.11,191228.38,36078.0,53054.0,15.23,22.38,56.62,47.05,116.03,7.14
01039,Covington County,AL,100235.23,153211.51,36355.0,53576.0,12.41,17.75,52.85,47.37,110.83,5.34
01041,Crenshaw County,AL,94518.7,136033.59,36759.0,51238.0,11.57,16.48,43.92,39.39,98.51,4.91
01043,Cullman County,AL,142902.55,239891.46,39290.0,64722.0,16.37,23.01,67.87,64.73,131.55,6.64
01045,Dale County,AL,102692.26,161229.84,45294.0,58359.0,10.2,17.15,57.0,28.84,116.56,6.95
01047,Dallas County,AL,92334.06,91719.9,29682.0,41409.0,14.0,13.75,-0.67,39.51,37.01,-0.25
01049,De Kalb County,AL,104547.08,202654.94,37305.0,54180.0,12.61,23.22,93.84,45.24,167.37,10.61
01051,Elmore County,AL,165593.11,254019.38,53548.0,80024.0,13.92,19.71,53.4,49.44,111.59,5.79
01053,Escambia County,AL,91228.63,147009.66,36840.0,56963.0,11.15,16.02,61.14,54.62,122.27,4.88
01055,Etowah County,AL,99396.03,171827.49,42145.0,57284.0,10.61,18.62,72.87,35.92,138.45,8.01
01057,Fayette County,AL,86684.55,145276.05,37085.0,54089.0,10.52,16.67,67.59,45.85,131.16,6.15
01059,Franklin County,AL,104058.38,188321.99,38535.0,56059.0,12.15,20.86,80.98,45.48,149.63,8.7
01063,Greene County,AL,98224.71,136277.46,25398.0,35813.0,17.41,23.62,38.74,41.01,91.37,6.22
01065,Hale County,AL,116109.68,177411.97,35470.0,50041.0,14.73,22.01,52.8,41.08,110.76,7.28
01067,Henry County,AL,127419.59,189988.52,42501.0,62086.0,13.49,19.0,49.1,46.08,105.66,5.5
01069,Houston County,AL,124189.33,191382.28,43568.0,59056.0,12.83,20.12,54.11,35.55,112.56,7.29
01071,Jackson County,AL,111870.6,193754.87,40201.0,56900.0,12.52,21.14,73.2,41.54,138.89,8.61
01073,Jefferson County,AL,124432.38,216629.8,48415.0,69346.0,11.57,19.39,74.09,43.23,140.13,7.83
01075,Lamar County,AL,91283.09,142182.42,36520.0,54598.0,11.25,16.17,55.76,49.5,114.84,4.92
01077,Lauderdale County,AL,132917.48,227078.35,43008.0,67098.0,13.91,21.01,70.84,56.01,135.65,7.1
01079,Lawrence County,AL,129663.26,216809.78,41771.0,68936.0,13.97,19.53,67.21,65.03,130.64,5.55
01081,Lee County,AL,185395.02,327379.58,46442.0,70233.0,17.97,28.94,76.58,51.23,143.57,10.97
01085,Lowndes County,AL,125927.63,146585.56,31117.0,46580.0,18.21,19.54,16.4,49.69,60.56,1.32
01089,Madison County,AL,170109.63,313741.13,59117.0,89197.0,12.95,21.84,84.43,50.88,154.39,8.89
01091,Marengo County,AL,123178.63,157329.64,35389.0,49716.0,15.67,19.65,27.72,40.48,76.17,3.98
01093,Marion County,AL,107296.57,166990.07,34977.0,52965.0,13.81,19.57,55.63,51.43,114.67,5.77
01095,Marshall County,AL,128892.76,236423.8,40599.0,64913.0,14.29,22.61,83.43,59.89,153.0,8.32
01097,Mobile County,AL,111188.47,198472.7,42530.0,60321.0,11.77,20.43,78.5,41.83,146.21,8.66
01101,Montgomery County,AL,108875.62,162791.86,42666.0,61102.0,11.49,16.54,49.52,43.21,106.24,5.05
01103,Morgan County,AL,130447.54,229231.96,47234.0,68601.0,12.43,20.74,75.73,45.24,142.38,8.31
01107,Pickens County,AL,101232.35,134326.2,33160.0,48960.0,13.74,17.03,32.69,47.65,83.02,3.29
01111,Randolph County,AL,114752.27,192426.7,37333.0,54403.0,13.83,21.96,67.69,45.72,131.3,8.12
01113,Russell County,AL,108629.44,183641.85,36124.0,53867.0,13.53,21.16,69.05,49.12,133.18,7.63
01115,Saint Clair County,AL,168752.79,273969.54,53558.0,76980.0,14.18,22.09,62.35,43.73,123.93,7.91
01117,Shelby County,AL,211097.05,353456.06,70879.0,102861.0,13.4,21.33,67.44,45.12,130.95,7.93
01121,Talladega County,AL,96882.72,177817.31,37911.0,55578.0,11.5,19.86,83.54,46.6,153.16,8.36
01123,Tallapoosa County,AL,151190.95,267359.16,39051.0,60578.0,17.43,27.4,76.84,55.13,143.91,9.97
01125,Tuscaloosa County,AL,149849.97,229856.29,47868.0,67379.0,14.09,21.18,53.39,40.76,111.58,7.09
01127,Walker County,AL,109973.83,165827.96,37305.0,57993.0,13.27,17.75,50.79,55.46,107.99,4.48
01133,Winston County,AL,129440.92,188900.87,36497.0,58945.0,15.96,19.9,45.94,61.51,101.29,3.93
02020,Anchorage Borough,AK,319654.67,404316.73,77791.0,103780.0,18.49,24.19,26.49,33.41,74.46,5.69
02090,Fairbanks North Star Borough,AK,229707.51,307601.68,70881.0,92086.0,14.59,20.74,33.91,29.92,84.7,6.15
02110,Juneau Borough,AK,341061.94,445832.97,82892.0,105304.0,18.52,26.28,30.72,27.04,80.3,7.76
02122,Kenai Peninsula Borough,AK,227095.16,323461.45,62025.0,82655.0,16.48,24.29,42.43,33.26,96.46,7.82
02130,Ketchikan Gateway Borough,AK,250826.91,362967.7,65314.0,92939.0,17.28,24.25,44.71,42.3,99.6,6.96
02150,Kodiak Island Borough,AK,297082.8,363151.71,67515.0,92237.0,19.8,24.44,22.24,36.62,68.61,4.64
04001,Apache County,AZ,152407.45,320622.55,31072.0,43939.0,22.08,45.3,110.37,41.41,190.17,23.22
04003,Cochise County,AZ,151904.88,261099.38,43451.0,60975.0,15.74,26.58,71.88,40.33,137.08,10.85
04005,Coconino County,AZ,287484.93,618583.88,51955.0,74564.0,24.9,51.5,115.17,43.52,196.79,26.6
04007,Gila County,AZ,193610.96,398145.87,41346.0,59678.0,21.08,41.42,105.64,44.34,183.65,20.34
04009,Graham County,AZ,164961.1,283976.63,44169.0,64504.0,16.81,27.33,72.15,46.04,137.45,10.52
04012,La Paz County,AZ,136297.24,271217.46,34835.0,51062.0,17.61,32.97,98.99,46.58,174.47,15.36
04013,Maricopa County,AZ,225058.68,480846.9,56017.0,90919.0,18.08,32.83,113.65,62.31,194.7,14.75
04015,Mohave County,AZ,165078.98,348276.36,40360.0,61016.0,18.41,35.44,110.98,51.18,191.0,17.03
04017,Navajo County,AZ,179135.79,395003.08,37658.0,54293.0,21.41,45.17,120.5,44.17,204.15,23.76
04019,Pima County,AZ,178245.31,355686.19,47107.0,71993.0,17.03,30.67,99.55,52.83,175.24,13.64
04021,Pinal County,AZ,166826.78,383197.4,50888.0,81817.0,14.76,29.08,129.7,60.78,216.83,14.32
04023,Santa Cruz County,AZ,134865.53,279216.44,34893.0,57125.0,17.4,30.34,107.03,63.71,185.56,12.95
04025,Yavapai County,AZ,242301.56,505248.72,47220.0,74247.0,23.1,42.25,108.52,57.24,187.62,19.15
04027,Yuma County,AZ,131744.58,271429.53,40426.0,64906.0,14.67,25.96,106.03,60.56,184.18,11.29
05001,Arkansas County,AR,101554.51,116668.22,41179.0,54613.0,11.1,13.26,14.88,32.62,58.46,2.16
05003,Ashley County,AR,71241.39,93133.5,39871.0,54257.0,8.04,10.66,30.73,36.08,80.32,2.61
05005,Baxter County,AR,138725.91,227615.73,36902.0,55893.0,16.92,25.28,64.08,51.46,126.31,8.36
05007,Benton County,AR,164327.81,364808.33,60294.0,92077.0,12.27,24.6,122.0,52.71,206.21,12.33
05009,Boone County,AR,121902.46,219579.2,40909.0,57376.0,13.41,23.76,80.13,40.25,148.45,10.35
05013,Calhoun County,AR,103078.98,132054.71,40526.0,60117.0,11.45,13.64,28.11,48.34,76.7,2.19
05015,Carroll County,AR,140240.26,257107.55,37587.0,50886.0,16.79,31.37,83.33,35.38,152.88,14.57
05017,Chicot County,AR,114860.48,114522.27,29968.0,41816.0,17.25,17.0,-0.29,39.54,37.53,-0.25
05019,Clark County,AR,100213.07,156973.43,37856.0,52380.0,11.91,18.6,56.64,38.37,116.06,6.69
05021,Clay County,AR,60534.78,117374.56,35324.0,53417.0,7.71,13.64,93.9,51.22,167.44,5.93
05023,Cleburne County,AR,152015.22,243965.75,43913.0,55796.0,15.58,27.14,60.49,27.06,121.36,11.56
05025,Cleveland County,AR,123932.78,152096.13,44123.0,62279.0,12.64,15.16,22.72,41.15,69.28,2.52
05027,Columbia County,AR,118985.17,149373.03,38057.0,54388.0,14.07,17.05,25.54,42.91,73.16,2.98
05029,Conway County,AR,105392.45,164813.09,43702.0,63127.0,10.85,16.21,56.38,44.45,115.7,5.35
05031,Craighead County,AR,133040.26,210654.76,42460.0,58784.0,14.1,22.25,58.34,38.45,118.4,8.14
05033,Crawford County,AR,121113.87,199121.24,46545.0,62606.0,11.71,19.75,64.41,34.51,126.77,8.03
05035,Crittenden County,AR,114295.56,159431.51,37371.0,51600.0,13.77,19.18,39.49,38.07,92.4,5.42
05037,Cross County,AR,98928.31,150378.58,39132.0,54428.0,11.38,17.15,52.01,39.09,109.67,5.77
05039,Dallas County,AR,121415.88,136265.18,33352.0,49043.0,16.39,17.25,12.23,47.05,54.8,0.86
05041,Desha County,AR,87975.76,111485.71,30987.0,46736.0,12.78,14.81,26.72,50.82,74.79,2.03
05043,Drew County,AR,107358.13,155844.29,39339.0,55221.0,12.28,17.52,45.16,40.37,100.23,5.24
05045,Faulkner County,AR,157246.46,244050.55,51157.0,72916.0,13.83,20.78,55.2,42.53,114.07,6.94
05051,Garland County,AR,130139.53,244177.14,37723.0,59915.0,15.53,25.3,87.63,58.83,158.8,9.77
05055,Greene County,AR,113490.2,189485.73,43996.0,61949.0,11.61,18.99,66.96,40.81,130.29,7.38
05059,Hot Spring County,AR,108395.52,172875.87,39851.0,58401.0,12.24,18.38,59.49,46.55,119.98,6.13
05061,Howard County,AR,86412.73,148735.67,33199.0,50330.0,11.72,18.35,72.12,51.6,137.41,6.63
05063,Independence County,AR,114273.69,161413.78,38241.0,56616.0,13.45,17.7,41.25,48.05,94.83,4.25
05067,Jackson County,AR,72756.43,105953.13,32571.0,47377.0,10.05,13.88,45.63,45.46,100.87,3.83
05069,Jefferson County,AR,54059.81,89836.3,36990.0,51205.0,6.58,10.89,66.18,38.43,129.21,4.31
05071,Johnson County,AR,103638.15,177537.26,35877.0,52979.0,13.0,20.8,71.3,47.67,136.28,7.8
05075,Lawrence County,AR,77476.81,130731.35,34808.0,51374.0,10.02,15.8,68.74,47.59,132.74,5.78
05077,Lee County,AR,80162.77,111486.62,28481.0,38287.0,12.67,18.08,39.08,34.43,91.83,5.41
05079,Lincoln County,AR,87208.87,123259.6,40216.0,54158.0,9.76,14.13,41.34,34.67,94.95,4.37
05085,Lonoke County,AR,148648.48,218623.41,56240.0,75131.0,11.9,18.07,47.07,33.59,102.86,6.17
05087,Madison County,AR,125641.51,258169.56,41007.0,59646.0,13.79,26.87,105.48,45.45,183.42,13.08
05091,Miller County,AR,113458.15,172438.24,39005.0,53529.0,13.09,20.0,51.98,37.24,109.63,6.91
05093,Mississippi County,AR,61111.02,105938.23,34888.0,52924.0,7.88,12.43,73.35,51.7,139.11,4.54
05097,Montgomery County,AR,94272.16,184824.32,37813.0,51291.0,11.22,22.37,96.05,35.64,170.42,11.15
05103,Ouachita County,AR,74304.13,108585.55,37987.0,55644.0,8.8,12.11,46.14,46.48,101.57,3.31
05105,Perry County,AR,99775.83,164889.58,43020.0,59602.0,10.44,17.17,65.26,38.54,127.95,6.74
05107,Phillips County,AR,55410.35,52061.27,28224.0,38969.0,8.84,8.29,-6.04,38.07,29.6,-0.54
05109,Pike County,AR,97781.0,179188.29,36266.0,52643.0,12.14,21.13,83.25,45.16,152.77,9.0
05111,Poinsett County,AR,84928.32,135455.87,32756.0,52688.0,11.67,15.96,59.49,60.85,119.99,4.29
05113,Polk County,AR,99779.02,178659.65,34723.0,47544.0,12.93,23.33,79.06,36.92,146.97,10.4
05115,Pope County,AR,129323.46,200934.49,41074.0,61509.0,14.17,20.28,55.37,49.75,114.31,6.11
05117,Prairie County,AR,85996.91,137885.12,39518.0,57689.0,9.79,14.84,60.34,45.98,121.16,5.04
05119,Pulaski County,AR,145732.11,202774.84,46473.0,66706.0,14.11,18.87,39.14,43.54,91.92,4.76
05121,Randolph County,AR,93825.98,153546.96,34730.0,54352.0,12.16,17.54,63.65,56.5,125.73,5.38
05123,Saint Francis County,AR,72759.92,88188.54,31625.0,44215.0,10.36,12.38,21.2,39.81,67.18,2.03
05125,Saline County,AR,163591.63,245786.54,56926.0,80628.0,12.93,18.92,50.24,41.64,107.23,5.99
05127,Scott County,AR,94728.42,141735.68,36028.0,48770.0,11.83,18.04,49.62,35.37,106.38,6.21
05129,Searcy County,AR,90615.68,178172.42,30427.0,41124.0,13.4,26.9,96.62,35.16,171.21,13.49
05131,Sebastian County,AR,125262.21,193619.25,41452.0,62153.0,13.6,19.34,54.57,49.94,113.2,5.74
05135,Sharp County,AR,104645.16,155000.72,32095.0,48226.0,14.68,19.95,48.12,50.26,104.31,5.28
05139,Union County,AR,99117.24,131100.52,42195.0,58585.0,10.57,13.89,32.27,38.84,82.44,3.32
05141,Van Buren County,AR,99658.9,169482.85,38306.0,52814.0,11.71,19.92,70.06,37.87,134.57,8.21
05143,Washington County,AR,158708.34,331623.53,46418.0,74040.0,15.39,27.81,108.95,59.51,188.21,12.42
05145,White County,AR,123989.69,192724.85,42508.0,57435.0,13.13,20.83,55.44,35.12,114.4,7.7
05147,Woodruff County,AR,64093.97,92157.49,31013.0,46571.0,9.3,12.29,43.78,50.17,98.33,2.98
05149,Yell County,AR,107219.5,165342.17,37415.0,54318.0,12.9,18.9,54.21,45.18,112.7,6.0
06001,Alameda County,CA,642963.58,1125973.56,81462.0,128031.0,35.52,54.6,75.12,57.17,141.55,19.07
06003,Alpine County,CA,346569.12,514153.73,50882.0,74440.0,30.66,42.88,48.36,46.3,104.63,12.22
06005,Amador County,CA,259918.62,438146.26,55879.0,85625.0,20.94,31.77,68.57,53.23,132.51,10.83
06007,Butte County,CA,243584.43,399769.57,45369.0,65143.0,24.17,38.1,64.12,43.58,126.37,13.93
06009,Calaveras County,CA,257209.64,459364.38,52471.0,79852.0,22.06,35.71,78.6,52.18,146.34,13.65
06011,Colusa County,CA,192435.07,376089.77,51118.0,69149.0,16.94,33.77,95.44,35.27,169.57,16.82
06013,Contra Costa County,CA,494534.83,828728.45,83036.0,126787.0,26.81,40.58,67.58,52.69,131.14,13.77
06015,Del Norte County,CA,202176.47,369098.41,38963.0,58773.0,23.35,38.99,82.56,50.84,151.81,15.63
06017,El Dorado County,CA,398794.26,669382.26,75575.0,107289.0,23.75,38.73,67.85,41.96,131.52,14.98
06019,Fresno County,CA,205384.76,402678.43,46608.0,74244.0,19.83,33.67,96.06,59.29,170.43,13.84
06021,Glenn County,CA,182530.0,343284.7,43584.0,66061.0,18.85,32.26,88.07,51.57,159.41,13.41
06023,Humboldt County,CA,316474.78,460050.09,40739.0,58960.0,34.96,48.44,45.37,44.73,100.51,13.48
06025,Imperial County,CA,183360.97,344619.1,39925.0,60477.0,20.67,35.38,87.95,51.48,159.24,14.71
06029,Kern County,CA,185823.15,358876.29,51150.0,71295.0,16.35,31.25,93.13,39.38,166.39,14.9
06031,Kings County,CA,177384.35,350285.46,46440.0,71731.0,17.19,30.32,97.47,54.46,172.38,13.12
06033,Lake County,CA,184490.08,323038.15,37993.0,55489.0,21.86,36.14,75.1,46.05,141.52,14.29
06035,Lassen County,CA,132675.15,232912.47,54670.0,68185.0,10.92,21.21,75.55,24.72,142.14,10.28
06037,Los Angeles County,CA,485426.53,888857.47,59045.0,90757.0,37.0,60.8,83.11,53.71,152.57,23.8
06039,Madera County,CA,204823.43,411386.37,46593.0,71161.0,19.79,35.89,100.85,52.73,177.04,16.1
06041,Marin County,CA,933908.98,1475486.69,99868.0,145395.0,42.09,63.0,57.99,45.59,117.92,20.91
06045,Mendocino County,CA,382217.57,520614.98,43237.0,67303.0,39.79,48.02,36.21,55.66,87.88,8.23
06047,Merced County,CA,202324.81,425479.47,42879.0,65325.0,21.24,40.44,110.3,52.35,190.06,19.2
06049,Modoc County,CA,108410.44,183202.85,38402.0,57390.0,12.71,19.82,68.99,49.45,133.09,7.11
06051,Mono County,CA,356398.67,747377.96,53992.0,91667.0,29.71,50.62,109.7,69.78,189.25,20.91
06053,Monterey County,CA,450677.06,856022.79,60047.0,91761.0,33.78,57.91,89.94,52.82,161.99,24.13
06055,Napa County,CA,566796.03,929717.88,72683.0,116139.0,35.1,49.7,64.03,59.79,126.25,14.6
06057,Nevada County,CA,383893.0,627831.02,57627.0,98873.0,29.98,39.42,63.54,71.57,125.58,9.44
06059,Orange County,CA,586813.05,1130946.42,78002.0,114858.0,33.86,61.13,92.73,47.25,165.83,27.27
06061,Placer County,CA,415279.2,695427.64,76203.0,115845.0,24.53,37.27,67.46,52.02,130.98,12.74
06063,Plumas County,CA,212526.52,376425.98,46813.0,72068.0,20.43,32.43,77.12,53.95,144.3,11.99
06065,Riverside County,CA,314787.27,620527.92,57895.0,92611.0,24.47,41.6,97.13,59.96,171.9,17.12
06067,Sacramento County,CA,292696.62,546884.54,58735.0,93331.0,22.43,36.38,86.84,58.9,157.72,13.95
06069,San Benito County,CA,485342.58,790159.8,76521.0,109002.0,28.55,45.0,62.8,42.45,124.56,16.46
06071,San Bernardino County,CA,265215.13,556203.33,53526.0,87665.0,22.3,39.39,109.72,63.78,189.27,17.09
06073,San Diego County,CA,479063.4,945520.49,67053.0,108754.0,32.16,53.97,97.37,62.19,172.23,21.82
06075,San Francisco County,CA,1087468.48,1272817.81,90527.0,137184.0,54.07,57.6,17.04,51.54,61.44,3.53
06077,San Joaquin County,CA,284404.59,554537.55,53341.0,91854.0,24.0,37.48,94.98,72.2,168.94,13.48
06079,San Luis Obispo County,CA,487988.81,881407.21,61761.0,99646.0,35.56,54.91,80.62,61.34,149.13,19.35
06081,San Mateo County,CA,990217.08,1544757.64,101133.0,158569.0,44.07,60.48,56.0,56.79,115.18,16.41
06083,Santa Barbara County,CA,518288.41,975982.96,63049.0,94572.0,37.0,64.07,88.31,50.0,159.74,27.07
06085,Santa Clara County,CA,850036.9,1601216.42,102191.0,166984.0,37.44,59.53,88.37,63.4,159.82,22.09
06087,Santa Cruz County,CA,645963.02,1136925.51,64841.0,105437.0,44.84,66.94,76.0,62.61,142.77,22.1
06089,Shasta County,CA,224255.0,379171.87,45943.0,70620.0,21.97,33.33,69.08,53.71,133.22,11.36
06091,Sierra County,CA,163420.29,325503.6,47535.0,69104.0,15.47,29.24,99.18,45.37,174.74,13.77
06093,Siskiyou County,CA,165390.4,296075.49,37447.0,60432.0,19.88,30.42,79.02,61.38,146.92,10.54
06095,Solano County,CA,340439.91,600007.16,67202.0,94968.0,22.8,39.22,76.24,41.32,143.1,16.42
06097,Sonoma County,CA,522912.71,816868.18,66463.0,105956.0,35.41,47.86,56.22,59.42,115.47,12.45
06099,Stanislaus County,CA,237200.88,468266.27,51949.0,77812.0,20.55,37.36,97.41,49.79,172.3,16.81
06101,Sutter County,CA,224261.18,443413.61,50810.0,74183.0,19.87,37.11,97.72,46.0,172.72,17.24
06103,Tehama County,CA,177166.9,318301.19,40292.0,62822.0,19.79,31.45,79.66,55.92,147.81,11.66
06105,Trinity County,CA,217245.43,280879.24,37669.0,50481.0,25.96,34.54,29.29,34.01,78.33,8.58
06107,Tulare County,CA,177751.42,352848.2,42637.0,68907.0,18.76,31.79,98.51,61.61,173.8,13.03
06111,Ventura County,CA,521009.1,883582.8,79285.0,112872.0,29.58,48.6,69.59,42.36,133.92,19.02
06113,Yolo County,CA,367256.54,633414.74,58766.0,87386.0,28.13,45.0,72.47,48.7,137.89,16.87
06115,Yuba County,CA,207491.06,432329.35,46500.0,74273.0,20.08,36.14,108.36,59.73,187.4,16.05
08001,Adams County,CO,260106.42,511922.45,62991.0,100686.0,18.59,31.56,96.81,59.84,171.47,12.98
08003,Alamosa County,CO,156189.89,302601.98,40067.0,54737.0,17.55,34.32,93.74,36.61,167.23,16.78
08005,Arapahoe County,CO,287619.75,542212.37,67062.0,103442.0,19.3,32.54,88.52,54.25,160.03,13.24
08007,Archuleta County,CO,260222.71,566856.2,50361.0,77215.0,23.26,45.58,117.84,53.32,200.46,22.32
08011,Bent County,CO,66973.21,146690.13,36630.0,46898.0,8.23,19.42,119.03,28.03,202.11,11.19
08013,Boulder County,CO,414889.84,749864.72,72392.0,103293.0,25.8,45.07,80.74,42.69,149.3,19.27
08014,Broomfield County,CO,351220.72,642727.37,86548.0,124435.0,18.27,32.07,83.0,43.78,152.41,13.8
08015,Chaffee County,CO,295861.34,675605.96,50947.0,89591.0,26.14,46.82,128.35,75.85,214.97,20.68
08017,Cheyenne County,CO,87441.7,188938.44,50620.0,70475.0,7.77,16.64,116.07,39.22,198.03,8.87
08019,Clear Creek County,CO,268333.16,576922.22,67262.0,94796.0,17.96,37.78,115.0,40.94,196.56,19.83
08021,Conejos County,CO,120588.81,209828.99,37102.0,53781.0,14.63,24.22,74.0,44.95,140.01,9.59
08025,Crowley County,CO,93527.38,164941.82,35405.0,44379.0,11.89,23.07,76.36,25.35,143.25,11.18
08027,Custer County,CO,188256.95,402389.46,43995.0,71090.0,19.26,35.14,113.74,61.59,194.82,15.88
08029,Delta County,CO,194136.76,394494.05,42586.0,60514.0,20.52,40.47,103.2,42.1,180.28,19.95
08031,Denver County,CO,329609.61,580739.65,57886.0,92395.0,25.63,39.02,76.19,59.62,143.02,13.39
08033,Dolores County,CO,199317.52,325329.99,44829.0,61951.0,20.01,32.6,63.22,38.19,125.14,12.59
08035,Douglas County,CO,418176.85,734711.32,109926.0,152657.0,17.12,29.88,75.69,38.87,142.34,12.76
08039,Elbert County,CO,360761.46,697194.16,90270.0,128776.0,17.99,33.61,93.26,42.66,166.56,15.62
08041,El Paso County,CO,240778.25,471305.8,60050.0,90778.0,18.05,32.23,95.74,51.17,169.99,14.18
08045,Garfield County,CO,319218.12,660969.09,64487.0,91858.0,22.28,44.67,107.06,42.44,185.6,22.39
08047,Gilpin County,CO,270309.9,561845.03,67389.0,96815.0,18.05,36.03,107.85,43.67,186.69,17.97
08049,Grand County,CO,303900.11,759724.24,59885.0,91454.0,22.84,51.57,149.99,52.72,244.82,28.73
08051,Gunnison County,CO,307571.67,697547.16,47619.0,79949.0,29.07,54.17,126.79,67.89,212.82,25.09
08055,Huerfano County,CO,122954.61,277685.8,33098.0,48817.0,16.72,35.31,125.84,47.49,211.51,18.59
08059,Jefferson County,CO,332005.29,645380.09,71209.0,109969.0,20.98,36.43,94.39,54.43,168.12,15.45
08061,Kiowa County,CO,77777.31,196681.75,42108.0,62052.0,8.31,19.68,152.88,47.36,248.8,11.36
08065,Lake County,CO,183825.2,497790.93,45913.0,76314.0,18.02,40.5,170.8,66.21,273.51,22.47
08067,La Plata County,CO,361160.64,661431.23,60732.0,88759.0,26.77,46.26,83.14,46.15,152.61,19.5
08069,Larimer County,CO,311581.78,565518.46,64935.0,93518.0,21.6,37.54,81.5,44.02,150.35,15.94
08071,Las Animas County,CO,110969.49,255983.16,38858.0,51562.0,12.85,30.82,130.68,32.69,218.18,17.97
08073,Lincoln County,CO,114128.74,248713.99,43188.0,60865.0,11.89,25.37,117.92,40.93,200.59,13.47
08075,Logan County,CO,124027.8,243502.05,46306.0,64710.0,12.06,23.36,96.33,39.74,170.8,11.31
08077,Mesa County,CO,206496.31,412603.46,51449.0,73997.0,18.06,34.62,99.81,43.83,175.6,16.55
08081,Moffat County,CO,160165.8,292700.34,59173.0,74252.0,12.18,24.47,82.75,25.48,152.07,12.29
08083,Montezuma County,CO,220796.58,399239.27,42975.0,66611.0,23.12,37.21,80.82,55.0,149.41,14.08
08085,Montrose County,CO,207887.83,440564.18,46860.0,72338.0,19.97,37.81,111.92,54.37,192.31,17.84
08087,Morgan County,CO,154026.51,333314.73,49087.0,69828.0,14.12,29.63,116.4,42.25,198.49,15.51
08089,Otero County,CO,74209.26,163718.09,34970.0,51225.0,9.55,19.84,120.62,46.48,204.3,10.29
08091,Ouray County,CO,364560.49,780439.82,60402.0,98611.0,27.17,49.13,114.08,63.26,195.28,21.97
08093,Park County,CO,240773.49,538197.14,63319.0,98187.0,17.11,34.03,123.53,55.07,208.32,16.91
08097,Pitkin County,CO,1127499.48,2371718.75,76663.0,119658.0,66.2,123.05,110.35,56.08,190.14,56.86
08099,Prowers County,CO,79702.58,178302.33,41348.0,53748.0,8.68,20.59,123.71,29.99,208.57,11.92
08103,Rio Blanco County,CO,188699.73,305009.63,61426.0,72651.0,13.83,26.06,61.64,18.27,122.95,12.24
08105,Rio Grande County,CO,145062.99,304792.4,40259.0,59812.0,16.22,31.64,110.11,48.57,189.81,15.42
08107,Routt County,CO,425588.63,1076308.14,70989.0,112777.0,26.98,59.25,152.9,58.87,248.83,32.27
08109,Saguache County,CO,119732.12,247354.19,34209.0,48755.0,15.75,31.5,106.59,42.52,184.95,15.74
08111,San Juan County,CO,258275.39,545848.75,43489.0,65231.0,26.73,51.95,111.34,49.99,191.51,25.22
08113,San Miguel County,CO,672198.86,1488936.36,62793.0,108571.0,48.18,85.14,121.5,72.9,205.52,36.96
08117,Summit County,CO,467815.47,1010372.97,69633.0,118690.0,30.24,52.85,115.98,70.45,197.9,22.61
08119,Teller County,CO,224639.11,492370.66,66191.0,87171.0,15.28,35.07,119.18,31.7,202.32,19.79
08123,Weld County,CO,266060.3,510923.27,69434.0,100638.0,17.25,31.52,92.03,44.94,164.87,14.27
08125,Yuma County,CO,143677.84,261558.02,48934.0,60621.0,13.22,26.79,82.04,23.88,151.1,13.57
10001,Kent County,DE,198614.48,355618.79,55678.0,78240.0,16.06,28.22,79.05,40.52,146.97,12.16
10003,New Castle County,DE,216709.51,349539.4,66179.0,89750.0,14.74,24.18,61.29,35.62,122.48,9.44
10005,Sussex County,DE,296185.9,493226.2,54309.0,84917.0,24.55,36.06,66.53,56.36,129.69,11.51
11001,District of Columbia,DC,485458.21,611815.17,73115.0,109289.0,29.88,34.75,26.03,49.48,73.83,4.87
12001,Alachua County,FL,159759.94,316406.79,47023.0,65127.0,15.29,30.16,98.05,38.5,173.18,14.87
12003,Baker County,FL,148636.9,306706.9,50883.0,78227.0,13.15,24.34,106.35,53.74,184.62,11.19
12005,Bay County,FL,178644.06,362818.02,47745.0,76080.0,16.84,29.61,103.1,59.35,180.13,12.77
12007,Bradford County,FL,110371.7,248032.09,40879.0,58527.0,12.15,26.31,124.72,43.17,209.97,14.16
12009,Brevard County,FL,159938.34,364824.58,50352.0,78154.0,14.3,28.98,128.1,55.22,214.63,14.68
12011,Broward County,FL,206838.61,455337.28,53624.0,81337.0,17.36,34.75,120.14,51.68,203.65,17.39
12013,Calhoun County,FL,94217.13,185768.07,36062.0,53701.0,11.76,21.48,97.17,48.91,171.96,9.72
12015,Charlotte County,FL,169012.39,363694.62,45495.0,72816.0,16.72,31.01,115.19,60.05,196.81,14.29
12017,Citrus County,FL,118274.59,289156.41,39982.0,59737.0,13.31,30.05,144.48,49.41,237.21,16.74
12019,Clay County,FL,168027.34,348701.88,59244.0,89972.0,12.77,24.06,107.53,51.87,186.25,11.3
12021,Collier County,FL,319477.27,620464.9,62385.0,97022.0,23.05,39.7,94.21,55.52,167.88,16.65
12023,Columbia County,FL,120747.3,269055.81,43303.0,62511.0,12.55,26.72,122.83,44.36,207.35,14.17
12027,De Soto County,FL,103234.12,268657.34,34380.0,57325.0,13.51,29.09,160.24,66.74,258.96,15.58
12029,Dixie County,FL,100651.46,215174.36,35749.0,50887.0,12.67,26.25,113.78,42.35,194.87,13.58
12031,Duval County,FL,142370.76,311646.57,49565.0,73638.0,12.93,26.27,118.9,48.57,201.93,13.35
12033,Escambia County,FL,134032.32,286709.29,45735.0,66861.0,13.19,26.62,113.91,46.19,195.05,13.43
12035,Flagler County,FL,189344.4,376955.21,50347.0,84156.0,16.93,27.81,99.08,67.15,174.6,10.88
12037,Franklin County,FL,226458.95,466938.56,38220.0,58831.0,26.67,49.27,106.19,53.93,184.4,22.61
12039,Gadsden County,FL,94592.26,205474.04,36637.0,56398.0,11.62,22.62,117.22,53.94,199.62,11.0
12041,Gilchrist County,FL,123980.34,297386.88,39342.0,58365.0,14.18,31.63,139.87,48.35,230.85,17.45
12043,Glades County,FL,102598.0,268727.72,40215.0,58721.0,11.48,28.41,161.92,46.02,261.28,16.93
12045,Gulf County,FL,188910.83,429276.41,41320.0,63384.0,20.58,42.05,127.24,53.4,213.43,21.47
12047,Hamilton County,FL,86846.44,203838.03,33497.0,48859.0,11.67,25.9,134.71,45.86,223.74,14.23
12049,Hardee County,FL,94075.72,235824.16,35850.0,56091.0,11.81,26.1,150.67,56.46,245.76,14.29
12051,Hendry County,FL,97299.17,292467.76,39320.0,57691.0,11.14,31.47,200.59,46.72,314.6,20.33
12053,Hernando County,FL,120889.05,329390.45,43103.0,68768.0,12.62,29.74,172.47,59.54,275.83,17.11
12055,Highlands County,FL,95574.25,242384.7,34691.0,56218.0,12.4,26.77,153.61,62.05,249.81,14.37
12057,Hillsborough County,FL,178051.19,404907.7,51710.0,84691.0,15.5,29.68,127.41,63.78,213.67,14.18
12059,Holmes County,FL,97581.02,196030.44,35202.0,52901.0,12.48,23.0,100.89,50.28,177.09,10.53
12061,Indian River County,FL,177424.35,395850.38,49887.0,81530.0,16.01,30.14,123.11,63.43,207.74,14.13
12063,Jackson County,FL,91683.33,182138.73,36751.0,55272.0,11.23,20.46,98.66,50.4,174.02,9.23
12065,Jefferson County,FL,143743.51,302005.59,42210.0,64680.0,15.33,28.99,110.1,53.23,189.8,13.66
12067,Lafayette County,FL,120131.08,251485.99,40345.0,57560.0,13.4,27.12,109.34,42.67,188.75,13.72
12069,Lake County,FL,177749.65,382463.31,49711.0,76542.0,16.09,31.02,115.17,53.97,196.79,14.93
12071,Lee County,FL,195670.54,395187.61,50713.0,83479.0,17.37,29.39,101.97,64.61,178.58,12.02
12073,Leon County,FL,168747.19,295831.26,46405.0,64847.0,16.37,28.32,75.31,39.74,141.81,11.95
12075,Levy County,FL,124926.12,302363.53,36005.0,54617.0,15.62,34.37,142.03,51.69,233.84,18.75
12077,Liberty County,FL,99206.93,197513.68,39623.0,57015.0,11.27,21.51,99.09,43.89,174.61,10.24
12079,Madison County,FL,99507.94,211023.62,34360.0,51714.0,13.03,25.33,112.07,50.51,192.51,12.3
12081,Manatee County,FL,224329.8,463268.66,50728.0,81174.0,19.9,35.43,106.51,60.02,184.85,15.53
12083,Marion County,FL,122573.24,287924.97,40053.0,64046.0,13.77,27.91,134.9,59.9,224.0,14.14
12085,Martin County,FL,220151.92,482138.89,53459.0,94583.0,18.54,31.65,119.0,76.93,202.07,13.11
12086,Miami-Dade County,FL,242916.98,537604.54,43687.0,75779.0,25.03,44.04,121.31,73.46,205.26,19.02
12089,Nassau County,FL,234593.88,495018.93,55707.0,94297.0,18.95,32.59,111.01,69.27,191.05,13.64
12091,Okaloosa County,FL,194620.88,369161.56,55391.0,81348.0,15.81,28.17,89.68,46.86,161.63,12.36
12093,Okeechobee County,FL,105971.76,287638.01,35787.0,63153.0,13.33,28.28,171.43,76.47,274.39,14.95
12095,Orange County,FL,193528.6,424421.01,50593.0,81645.0,17.22,32.27,119.31,61.38,202.49,15.06
12097,Osceola County,FL,178947.56,393437.58,45127.0,76172.0,17.85,32.07,119.86,68.79,203.26,14.22
12099,Palm Beach County,FL,231118.97,499988.09,56638.0,84857.0,18.37,36.58,116.33,49.82,198.39,18.21
12101,Pasco County,FL,152403.79,359670.5,46080.0,72562.0,14.89,30.77,136.0,57.47,225.52,15.89
12103,Pinellas County,FL,174859.09,413080.46,47591.0,73605.0,16.54,34.84,136.24,54.66,225.85,18.3
12105,Polk County,FL,137996.62,319360.42,44024.0,66708.0,14.11,29.72,131.43,51.53,219.21,15.61
12107,Putnam County,FL,90518.85,223322.33,32351.0,52250.0,12.59,26.53,146.71,61.51,240.3,13.94
12109,Saint Johns County,FL,270399.58,523327.11,71896.0,117178.0,16.93,27.73,93.54,62.98,166.95,10.8
12111,Saint Lucie County,FL,154977.75,396967.15,45918.0,73824.0,15.19,33.38,156.14,60.77,253.31,18.19
12113,Santa Rosa County,FL,175634.27,357123.37,59289.0,88354.0,13.33,25.09,103.33,49.02,180.46,11.76
12115,Sarasota County,FL,229758.95,462489.19,55882.0,83367.0,18.51,34.44,101.29,49.18,177.65,15.94
12117,Seminole County,FL,194492.48,425744.84,57357.0,85415.0,15.26,30.94,118.9,48.92,201.93,15.68
12119,Sumter County,FL,252663.67,398453.45,54592.0,85035.0,20.83,29.09,57.7,55.76,117.52,8.26
12121,Suwannee County,FL,120267.58,260256.3,37368.0,59072.0,14.49,27.35,116.4,58.08,198.48,12.87
12123,Taylor County,FL,96851.71,195744.52,39116.0,53844.0,11.14,22.57,102.11,37.65,178.77,11.42
12125,Union County,FL,118483.14,258857.01,41078.0,63669.0,12.98,25.24,118.48,55.0,201.35,12.26
12127,Volusia County,FL,150885.8,349035.79,42334.0,71203.0,16.04,30.43,131.32,68.19,219.07,14.39
12129,Wakulla County,FL,142115.32,289028.11,48703.0,77770.0,13.13,23.07,103.38,59.68,180.52,9.94
12131,Walton County,FL,332525.35,703660.7,47875.0,83035.0,31.26,52.61,111.61,73.44,191.88,21.35
12133,Washington County,FL,99715.65,224850.03,36328.0,61932.0,12.35,22.54,125.49,70.48,211.02,10.18
13001,Appling County,GA,97790.2,162182.6,39588.0,56345.0,11.12,17.87,65.85,42.33,128.76,6.75
13003,Atkinson County,GA,85070.13,131454.42,32398.0,47544.0,11.82,17.16,54.52,46.75,113.14,5.35
13005,Bacon County,GA,72093.96,143097.65,35431.0,49454.0,9.16,17.96,98.49,39.58,173.78,8.81
13009,Baldwin County,GA,120200.35,220286.71,38015.0,54896.0,14.23,24.91,83.27,44.41,152.78,10.68
13011,Banks County,GA,135350.74,325418.73,44146.0,78587.0,13.8,25.71,140.43,78.02,231.62,11.91
13013,Barrow County,GA,142241.89,350880.94,53789.0,89040.0,11.9,24.46,146.68,65.54,240.25,12.56
13015,Bartow County,GA,140900.41,326450.79,50900.0,82311.0,12.46,24.62,131.69,61.71,219.57,12.16
13017,Ben Hill County,GA,68211.13,129815.14,30776.0,47228.0,9.98,17.06,90.31,53.46,162.5,7.09
13019,Berrien County,GA,102934.81,181707.23,35518.0,54062.0,13.04,20.87,76.53,52.21,143.49,7.82
13021,Bibb County,GA,86028.81,171064.36,38870.0,50751.0,9.96,20.93,98.85,30.57,174.27,10.96
13023,Bleckley County,GA,89337.77,171109.78,42716.0,59580.0,9.41,17.83,91.53,39.48,164.18,8.42
13027,Brooks County,GA,100733.09,180144.38,36820.0,49237.0,12.31,22.71,78.83,33.72,146.67,10.4
13029,Bryan County,GA,223193.94,401547.39,69650.0,107486.0,14.42,23.19,79.91,54.32,148.15,8.77
13031,Bulloch County,GA,134192.87,271059.52,36544.0,56738.0,16.53,29.66,101.99,55.26,178.61,13.13
13033,Burke County,GA,86927.76,165905.86,36977.0,51974.0,10.58,19.82,90.85,40.56,163.25,9.24
13035,Butts County,GA,122530.96,280514.53,44166.0,71262.0,12.49,24.44,128.93,61.35,215.77,11.95
13037,Calhoun County,GA,71544.01,102002.05,30972.0,39818.0,10.4,15.9,42.57,28.56,96.65,5.51
13039,Camden County,GA,150435.25,301711.57,52706.0,73643.0,12.85,25.43,100.56,39.72,176.64,12.59
13043,Candler County,GA,97157.6,202805.16,32806.0,49754.0,13.33,25.31,108.74,51.66,187.92,11.98
13045,Carroll County,GA,122035.22,293612.99,45453.0,75188.0,12.08,24.24,140.6,65.42,231.86,12.16
13047,Catoosa County,GA,144400.05,293562.3,50979.0,73900.0,12.75,24.66,103.3,44.96,180.41,11.91
13049,Charlton County,GA,87496.63,206627.49,37037.0,55182.0,10.63,23.25,136.15,48.99,225.73,12.61
13051,Chatham County,GA,175254.47,354221.14,48885.0,74037.0,16.14,29.7,102.12,51.45,178.79,13.57
13053,Chattahoochee County,GA,93731.18,130960.23,41066.0,60793.0,10.27,13.37,39.72,48.04,92.72,3.1
13055,Chattooga County,GA,87876.8,174455.41,38063.0,52704.0,10.39,20.55,98.52,38.47,173.83,10.16
13057,Cherokee County,GA,223633.16,482759.22,74885.0,116493.0,13.44,25.73,115.87,55.56,197.76,12.29
13059,Clarke County,GA,140333.12,325150.29,33302.0,54739.0,18.97,36.88,131.7,64.37,219.59,17.91
13061,Clay County,GA,108059.83,169531.53,25941.0,40200.0,18.75,26.18,56.89,54.97,116.4,7.43
13063,Clayton County,GA,83718.0,259386.38,41731.0,59825.0,9.03,26.92,209.83,43.36,327.36,17.89
13065,Clinch County,GA,75512.67,126813.7,31848.0,50547.0,10.67,15.58,67.94,58.71,131.64,4.9
13067,Cobb County,GA,214885.81,446109.79,70097.0,102071.0,13.8,27.13,107.6,45.61,186.35,13.34
13069,Coffee County,GA,101935.49,178451.62,34775.0,50764.0,13.19,21.82,75.06,45.98,141.47,8.63
13071,Colquitt County,GA,99121.38,156922.91,34151.0,49031.0,13.06,19.87,58.31,43.57,118.37,6.81
13073,Columbia County,GA,191125.6,325895.7,75232.0,96487.0,11.43,20.97,70.51,28.25,135.19,9.53
13075,Cook County,GA,93764.07,161686.43,34505.0,58852.0,12.23,17.06,72.44,70.56,137.85,4.83
13077,Coweta County,GA,194970.84,401854.27,67268.0,96188.0,13.05,25.94,106.11,42.99,184.29,12.89
13081,Crisp County,GA,83046.84,140959.14,31095.0,47101.0,12.02,18.58,69.73,51.47,134.12,6.56
13083,Dade County,GA,126344.61,249518.03,43632.0,70540.0,13.03,21.96,97.49,61.67,172.4,8.93
13085,Dawson County,GA,205388.25,459824.24,60195.0,93710.0,15.36,30.46,123.88,55.68,208.8,15.11
13087,Decatur County,GA,101496.33,174873.07,37661.0,50909.0,12.13,21.33,72.29,35.18,137.65,9.2
13089,Dekalb County,GA,167729.79,363194.77,53994.0,81452.0,13.98,27.68,116.54,50.85,198.67,13.7
13091,Dodge County,GA,90858.4,151054.02,34611.0,50872.0,11.82,18.43,66.25,46.98,129.31,6.62
13093,Dooly County,GA,81636.13,139455.42,32323.0,48734.0,11.37,17.77,70.83,50.77,135.62,6.4
13095,Dougherty County,GA,71537.64,131250.87,34799.0,50559.0,9.25,16.12,83.47,45.29,153.07,6.86
13097,Douglas County,GA,141293.18,326259.22,58443.0,77579.0,10.88,26.11,130.91,32.74,218.5,15.23
13099,Early County,GA,75934.74,123369.49,31935.0,46188.0,10.7,16.58,62.47,44.63,124.09,5.88
13101,Echols County,GA,101178.41,165708.73,34414.0,51554.0,13.23,19.95,63.78,49.81,125.9,6.72
13103,Effingham County,GA,170429.23,335715.89,63255.0,92674.0,12.13,22.49,96.98,46.51,171.7,10.36
13105,Elbert County,GA,76912.11,174756.23,35814.0,54923.0,9.67,19.75,127.22,53.36,213.4,10.09
13107,Emanuel County,GA,66181.23,130637.87,31772.0,48801.0,9.38,16.62,97.39,53.6,172.27,7.24
13109,Evans County,GA,91710.36,174307.22,34085.0,47653.0,12.11,22.71,90.06,39.81,162.16,10.6
13111,Fannin County,GA,216221.54,499719.45,39796.0,61504.0,24.45,50.44,131.11,54.55,218.78,25.99
13113,Fayette County,GA,258439.76,498646.76,80588.0,117563.0,14.43,26.33,92.95,45.88,166.13,11.9
13115,Floyd County,GA,107374.93,227119.69,41130.0,64134.0,11.75,21.99,111.52,55.93,191.75,10.24
13117,Forsyth County,GA,310232.89,637852.9,97886.0,152036.0,14.26,26.05,105.6,55.32,183.59,11.78
13119,Franklin County,GA,113606.08,277880.27,40156.0,58648.0,12.73,29.41,144.6,46.05,237.38,16.68
13121,Fulton County,GA,227682.3,444062.84,59911.0,100751.0,17.1,27.36,95.04,68.17,169.02,10.26
13123,Gilmer County,GA,156690.6,419214.47,43907.0,69729.0,16.06,37.32,167.54,58.81,269.03,21.26
13127,Glynn County,GA,184755.49,362502.66,46377.0,71733.0,17.93,31.37,96.21,54.67,170.63,13.44
13129,Gordon County,GA,113021.42,265183.15,44580.0,63631.0,11.41,25.87,134.63,42.73,223.63,14.46
13133,Greene County,GA,322309.18,609810.94,43326.0,84198.0,33.48,44.96,89.2,94.34,160.97,11.48
13135,Gwinnett County,GA,191897.81,429422.46,61797.0,89709.0,13.98,29.72,123.78,45.17,208.66,15.74
13137,Habersham County,GA,133320.6,309954.4,44400.0,66701.0,13.51,28.85,132.49,50.23,220.68,15.33
13139,Hall County,GA,182366.97,399861.15,54578.0,86461.0,15.04,28.71,119.26,58.42,202.43,13.67
13141,Hancock County,GA,104580.53,206775.63,28328.0,43810.0,16.62,29.3,97.72,54.65,172.72,12.69
13143,Haralson County,GA,108936.91,268273.81,41167.0,65544.0,11.91,25.41,146.27,59.21,239.68,13.5
13145,Harris County,GA,212446.2,351432.83,65887.0,102397.0,14.51,21.31,65.42,55.41,128.17,6.79
13147,Hart County,GA,143367.66,307766.43,39567.0,63976.0,16.31,29.87,114.67,61.69,196.1,13.56
13149,Heard County,GA,112434.54,267311.91,41514.0,65329.0,12.19,25.4,137.75,57.37,227.93,13.21
13151,Henry County,GA,155320.6,343474.58,65437.0,89273.0,10.68,23.89,121.14,36.43,205.02,13.2
13153,Houston County,GA,134014.13,242865.26,55860.0,79245.0,10.8,19.03,81.22,41.86,149.97,8.23
13155,Irwin County,GA,88939.24,167948.3,35284.0,54271.0,11.35,19.21,88.83,53.81,160.46,7.87
13157,Jackson County,GA,179083.18,402612.42,56102.0,92131.0,14.37,27.13,124.82,64.22,210.1,12.76
13159,Jasper County,GA,119340.7,310054.63,46398.0,75080.0,11.58,25.64,159.81,61.82,258.36,14.06
13161,Jeff Davis County,GA,75885.45,141588.1,36186.0,50152.0,9.44,17.53,86.58,38.6,157.36,8.09
13163,Jefferson County,GA,77562.13,127479.72,32023.0,44800.0,10.9,17.67,64.36,39.9,126.7,6.76
13165,Jenkins County,GA,60965.69,153886.09,29924.0,46061.0,9.17,20.74,152.41,53.93,248.16,11.57
13167,Johnson County,GA,74879.08,133596.55,30794.0,44330.0,10.94,18.71,78.42,43.96,146.09,7.76
13169,Jones County,GA,134828.75,240805.15,52777.0,76533.0,11.5,19.53,78.6,45.01,146.35,8.04
13171,Lamar County,GA,112204.49,274691.6,42177.0,68344.0,11.97,24.95,144.81,62.04,237.68,12.98
13173,Lanier County,GA,107192.24,201300.67,37616.0,54320.0,12.83,23.01,87.79,44.41,159.03,10.18
13175,Laurens County,GA,102473.76,182383.83,36960.0,58022.0,12.48,19.51,77.98,56.99,145.49,7.04
13177,Lee County,GA,153381.61,258360.43,68636.0,89592.0,10.06,17.9,68.44,30.53,132.34,7.84
13179,Liberty County,GA,131297.11,240180.04,39612.0,62123.0,14.92,24.0,82.93,56.83,152.32,9.08
13181,Lincoln County,GA,117559.29,236874.04,39089.0,64514.0,13.54,22.79,101.49,65.04,177.92,9.26
13183,Long County,GA,150000.56,270399.21,42542.0,68102.0,15.87,24.65,80.27,60.08,148.64,8.78
13185,Lowndes County,GA,128643.7,217579.51,37699.0,60185.0,15.36,22.44,69.13,59.65,133.29,7.08
13187,Lumpkin County,GA,178186.31,385208.47,48101.0,80922.0,16.67,29.55,116.18,68.23,198.19,12.88
13189,McDuffie County,GA,101891.62,196430.82,36346.0,53781.0,12.62,22.67,92.78,47.97,165.91,10.06
13191,McIntosh County,GA,132395.91,269884.11,38770.0,57307.0,15.37,29.24,103.85,47.81,181.17,13.87
13193,Macon County,GA,55820.36,109707.8,30696.0,44111.0,8.18,15.44,96.54,43.7,171.09,7.26
13195,Madison County,GA,133979.9,305554.37,40735.0,68602.0,14.8,27.65,128.06,68.41,214.57,12.85
13197,Marion County,GA,111666.75,178127.77,35265.0,53304.0,14.25,20.75,59.52,51.15,120.03,6.49
13199,Meriwether County,GA,103031.62,218355.75,37866.0,61548.0,12.25,22.02,111.93,62.54,192.32,9.78
13201,Miller County,GA,73291.34,146422.86,35357.0,51502.0,9.33,17.65,99.78,45.66,175.56,8.32
13205,Mitchell County,GA,87810.84,152195.88,34139.0,50527.0,11.58,18.7,73.32,48.0,139.07,7.12
13207,Monroe County,GA,187070.8,320264.06,53070.0,81431.0,15.87,24.42,71.2,53.44,136.14,8.55
13209,Montgomery County,GA,99135.17,174731.59,36821.0,54914.0,12.12,19.75,76.26,49.14,143.11,7.64
13211,Morgan County,GA,208977.77,445228.54,51081.0,77822.0,18.41,35.52,113.05,52.35,193.86,17.1
13213,Murray County,GA,114176.99,240177.18,43142.0,61257.0,11.91,24.34,110.36,41.99,190.15,12.43
13215,Muscogee County,GA,104951.56,177534.64,41828.0,57609.0,11.29,19.13,69.16,37.73,133.32,7.84
13217,Newton County,GA,128336.23,308825.73,51177.0,80129.0,11.29,23.93,140.64,56.57,231.92,12.64
13219,Oconee County,GA,280538.23,548362.4,76371.0,125848.0,16.53,27.05,95.47,64.79,169.61,10.52
13221,Oglethorpe County,GA,127312.94,302925.82,43428.0,65817.0,13.19,28.57,137.94,51.55,228.19,15.38
13225,Peach County,GA,125809.4,226000.79,41725.0,63005.0,13.57,22.27,79.64,51.0,147.78,8.7
13227,Pickens County,GA,178425.92,393313.15,56289.0,82147.0,14.27,29.72,120.43,45.94,204.05,15.46
13229,Pierce County,GA,101931.85,196670.0,39648.0,56740.0,11.57,21.52,92.94,43.11,166.13,9.95
13233,Polk County,GA,86675.75,222836.71,39402.0,61928.0,9.9,22.34,157.09,57.17,254.61,12.44
13235,Pulaski County,GA,87740.0,169876.81,39209.0,52495.0,10.07,20.09,93.61,33.89,167.06,10.02
13237,Putnam County,GA,198263.03,404617.29,44323.0,73274.0,20.13,34.28,104.08,65.32,181.49,14.15
13239,Quitman County,GA,63747.32,120876.32,29921.0,45017.0,9.59,16.67,89.62,50.45,161.54,7.08
13241,Rabun County,GA,185737.86,392023.0,40834.0,72231.0,20.47,33.69,111.06,76.89,191.12,13.22
13243,Randolph County,GA,54563.44,94481.6,30505.0,41224.0,8.05,14.23,73.16,35.14,138.84,6.18
13247,Rockdale County,GA,135356.75,320223.84,51510.0,76560.0,11.83,25.97,136.58,48.63,226.32,14.14
13249,Schley County,GA,102790.48,189170.85,41737.0,63487.0,11.08,18.5,84.04,52.11,153.84,7.41
13251,Screven County,GA,90243.22,181904.9,35911.0,51077.0,11.31,22.11,101.57,42.23,178.03,10.8
13253,Seminole County,GA,86408.15,147175.49,31615.0,43963.0,12.3,20.78,70.33,39.06,134.93,8.48
13257,Stephens County,GA,89664.64,232040.46,38503.0,58186.0,10.48,24.76,158.79,51.12,256.95,14.28
13259,Stewart County,GA,61759.97,92614.43,28977.0,44023.0,9.59,13.06,49.96,51.92,106.84,3.47
13261,Sumter County,GA,84189.15,134189.21,33802.0,49955.0,11.21,16.68,59.39,47.79,119.85,5.47
13263,Talbot County,GA,106184.7,194227.02,33510.0,44778.0,14.26,26.93,82.91,33.63,152.3,12.67
13265,Taliaferro County,GA,87700.97,156095.23,28952.0,44934.0,13.63,21.57,77.99,55.2,145.5,7.93
13267,Tattnall County,GA,96065.23,176098.38,37163.0,53531.0,11.63,20.42,83.31,44.04,152.84,8.79
13269,Taylor County,GA,89326.69,149898.17,32041.0,48086.0,12.55,19.35,67.81,50.08,131.46,6.8
13271,Telfair County,GA,72221.44,121537.24,31149.0,45257.0,10.44,16.67,68.28,45.29,132.12,6.24
13273,Terrell County,GA,63514.43,114465.56,32342.0,46663.0,8.84,15.23,80.22,44.28,148.58,6.39
13275,Thomas County,GA,121509.01,216468.95,40449.0,58510.0,13.52,22.97,78.15,44.65,145.73,9.45
13277,Tift County,GA,128971.22,207535.43,39988.0,57048.0,14.52,22.58,60.92,42.66,121.95,8.07
13279,Toombs County,GA,87839.12,165619.67,34953.0,52482.0,11.31,19.59,88.55,50.15,160.07,8.28
13281,Towns County,GA,194633.69,399259.05,39782.0,66947.0,22.02,37.02,105.13,68.28,182.94,15.0
13283,Treutlen County,GA,85175.95,135091.52,32086.0,49171.0,11.95,17.06,58.6,53.25,118.76,5.11
13285,Troup County,GA,110709.16,229546.37,41289.0,61476.0,12.07,23.18,107.34,48.89,185.99,11.11
13287,Turner County,GA,81219.8,138836.33,35117.0,44793.0,10.41,19.24,70.94,27.55,135.78,8.83
13289,Twiggs County,GA,61884.6,107208.48,36086.0,51965.0,7.72,12.81,73.24,44.0,138.95,5.09
13291,Union County,GA,169030.96,379180.75,42782.0,67723.0,17.78,34.76,124.33,58.3,209.42,16.98
13293,Upson County,GA,67477.85,174962.67,37864.0,56452.0,8.02,19.24,159.29,49.09,257.64,11.22
13295,Walker County,GA,116380.13,239654.34,42249.0,62042.0,12.4,23.98,105.92,46.85,184.03,11.58
13297,Walton County,GA,172619.25,389785.64,57312.0,88303.0,13.56,27.4,125.81,54.07,211.46,13.85
13299,Ware County,GA,73868.0,147103.75,35270.0,47717.0,9.43,19.14,99.14,35.29,174.68,9.71
13301,Warren County,GA,76830.64,123336.53,32350.0,46385.0,10.69,16.51,60.53,43.38,121.42,5.82
13303,Washington County,GA,97174.76,153243.59,36499.0,46965.0,11.98,20.26,57.7,28.67,117.52,8.27
13305,Wayne County,GA,111029.36,197431.61,41466.0,60717.0,12.05,20.19,77.82,46.43,145.27,8.14
13307,Webster County,GA,79543.18,155643.4,35770.0,51171.0,10.01,18.88,95.67,43.06,169.89,8.87
13309,Wheeler County,GA,77911.97,132862.71,30926.0,42918.0,11.34,19.22,70.53,38.78,135.21,7.88
13311,White County,GA,141284.64,309133.6,43598.0,72270.0,14.59,26.56,118.8,65.76,201.8,11.97
13313,Whitfield County,GA,115257.3,237759.05,45921.0,67190.0,11.3,21.97,106.29,46.32,184.53,10.67
13315,Wilcox County,GA,76536.05,132806.0,32480.0,46539.0,10.61,17.72,73.52,43.29,139.34,7.11
13317,Wilkes County,GA,78441.51,160229.37,34031.0,50659.0,10.37,19.64,104.27,48.86,181.75,9.26
13319,Wilkinson County,GA,77184.61,136086.63,38103.0,52374.0,9.12,16.13,76.31,37.45,143.19,7.01
13321,Worth County,GA,112438.63,164437.26,39560.0,51414.0,12.79,19.86,46.25,29.96,101.72,7.06
15003,Honolulu County,HI,558177.55,855418.45,76544.0,104305.0,32.82,50.91,53.25,36.27,111.38,18.09
15007,Kauai County,HI,519376.47,1017024.71,70122.0,89815.0,33.34,70.3,95.82,28.08,170.09,36.96
15009,Maui County,HI,556227.7,1079264.46,68684.0,98820.0,36.45,67.8,94.03,43.88,167.63,31.35
16001,Ada County,ID,220809.15,522821.04,58431.0,91898.0,17.01,35.32,136.78,57.28,226.59,18.31
16003,Adams County,ID,185410.24,505373.49,39943.0,64610.0,20.89,48.56,172.57,61.76,275.96,27.67
16005,Bannock County,ID,150248.68,352194.37,43298.0,69744.0,15.62,31.35,134.41,61.08,223.32,15.73
16007,Bear Lake County,ID,178002.48,398284.29,48309.0,75337.0,16.58,32.82,123.75,55.95,208.63,16.24
16009,Benewah County,ID,152305.81,337958.46,41368.0,61128.0,16.57,34.32,121.89,47.77,206.06,17.75
16011,Bingham County,ID,158176.44,366076.3,49644.0,74827.0,14.34,30.37,131.44,50.73,219.22,16.03
16013,Blaine County,ID,421091.17,925972.24,65272.0,117269.0,29.04,49.02,119.9,79.66,203.31,19.98
16015,Boise County,ID,173370.64,480798.63,52728.0,80449.0,14.8,37.1,177.32,52.57,282.52,22.3
16019,Bonneville County,ID,163090.17,397039.17,54008.0,83922.0,13.59,29.37,143.45,55.39,235.79,15.78
16021,Boundary County,ID,185333.45,456015.42,41803.0,69780.0,19.95,40.57,146.05,66.93,239.38,20.62
16025,Camas County,ID,190355.24,356524.78,46203.0,76548.0,18.54,28.91,87.29,65.68,158.34,10.37
16027,Canyon County,ID,153477.66,418239.13,44585.0,84164.0,15.49,30.85,172.51,88.77,275.88,15.36
16029,Caribou County,ID,170409.25,306991.44,57017.0,77635.0,13.45,24.55,80.15,36.16,148.48,11.1
16031,Cassia County,ID,140704.79,329381.46,47932.0,70494.0,13.21,29.01,134.09,47.07,222.89,15.8
16035,Clearwater County,ID,141026.46,303141.71,42630.0,62225.0,14.89,30.24,114.95,45.97,196.49,15.35
16037,Custer County,ID,153051.62,335839.95,45801.0,62400.0,15.04,33.41,119.43,36.24,202.66,18.37
16039,Elmore County,ID,125677.39,347100.94,44509.0,68067.0,12.71,31.66,176.18,52.93,280.95,18.95
16041,Franklin County,ID,183781.28,427647.62,53901.0,79314.0,15.35,33.47,132.69,47.15,220.96,18.13
16043,Fremont County,ID,176905.34,432328.82,49555.0,73147.0,16.07,36.69,144.38,47.61,237.08,20.63
16047,Gooding County,ID,136017.56,350070.11,48950.0,63073.0,12.51,34.46,157.37,28.85,255.0,21.95
16049,Idaho County,ID,163731.25,346536.72,41157.0,66189.0,17.91,32.5,111.65,60.82,191.93,14.6
16051,Jefferson County,ID,180042.5,447464.64,53555.0,88124.0,15.13,31.52,148.53,64.55,242.81,16.39
16053,Jerome County,ID,165363.82,388247.89,47034.0,71238.0,15.82,33.83,134.78,51.46,223.84,18.01
16055,Kootenai County,ID,230451.82,585134.33,48864.0,83330.0,21.23,43.59,153.91,70.53,250.22,22.37
16057,Latah County,ID,245643.53,463966.08,46360.0,64961.0,23.85,44.34,88.88,40.12,160.52,20.49
16059,Lemhi County,ID,143435.12,354632.08,40087.0,59959.0,16.1,36.72,147.24,49.57,241.03,20.61
16061,Lewis County,ID,121712.43,274204.69,41688.0,60384.0,13.14,28.19,125.29,44.85,210.75,15.05
16063,Lincoln County,ID,124149.46,294878.67,46168.0,69819.0,12.1,26.22,137.52,51.23,227.61,14.12
16065,Madison County,ID,178259.99,392364.47,38065.0,55940.0,21.08,43.54,120.11,46.96,203.6,22.47
16067,Minidoka County,ID,127941.0,311608.33,45429.0,72149.0,12.68,26.81,143.56,58.82,235.94,14.14
16069,Nez Perce County,ID,182935.11,373921.51,50939.0,73255.0,16.16,31.69,104.4,43.81,181.93,15.52
16071,Oneida County,ID,125069.24,335773.64,47037.0,72937.0,11.97,28.58,168.47,55.06,270.31,16.61
16073,Owyhee County,ID,142613.17,421278.79,39738.0,61854.0,16.15,42.28,195.4,55.65,307.45,26.13
16075,Payette County,ID,147292.42,399381.79,44499.0,70338.0,14.9,35.25,171.15,58.07,274.0,20.35
16077,Power County,ID,127591.66,278130.55,44004.0,65002.0,13.05,26.56,117.98,47.72,200.67,13.51
16079,Shoshone County,ID,119541.41,283698.03,37497.0,56309.0,14.35,31.28,137.32,50.17,227.34,16.93
16081,Teton County,ID,330006.95,839447.39,58013.0,110146.0,25.6,47.31,154.37,89.86,250.86,21.71
16083,Twin Falls County,ID,156886.31,365494.66,45799.0,73098.0,15.42,31.04,132.97,59.61,221.34,15.62
16085,Valley County,ID,244073.49,656384.02,51774.0,82595.0,21.22,49.34,168.93,59.53,270.94,28.12
16087,Washington County,ID,142942.64,386159.05,38592.0,57539.0,16.67,41.66,170.15,49.1,272.62,24.99
17005,Bond County,IL,109639.2,151399.37,50206.0,66398.0,9.83,14.16,38.09,32.25,90.47,4.33
17007,Boone County,IL,131363.77,254015.14,62382.0,86711.0,9.48,18.19,93.37,39.0,166.72,8.71
17011,Bureau County,IL,89533.24,138756.78,51275.0,75022.0,7.86,11.48,54.98,46.31,113.76,3.62
17015,Carroll County,IL,88592.15,131468.91,50432.0,69537.0,7.91,11.74,48.4,37.88,104.69,3.83
17019,Champaign County,IL,150536.12,217709.35,50813.0,64240.0,13.33,21.04,44.62,26.42,99.48,7.71
17021,Christian County,IL,85648.92,118855.17,49041.0,68915.0,7.86,10.71,38.77,40.53,91.41,2.85
17023,Clark County,IL,104983.3,137312.02,50700.0,72272.0,9.32,11.8,30.79,42.55,80.41,2.48
17025,Clay County,IL,80176.54,101568.84,43577.0,62117.0,8.28,10.15,26.68,42.55,74.73,1.87
17027,Clinton County,IL,132274.65,199054.07,64030.0,87958.0,9.3,14.05,50.49,37.37,107.57,4.75
17029,Coles County,IL,97979.88,130503.69,42613.0,61313.0,10.35,13.21,33.19,43.88,83.72,2.87
17031,Cook County,IL,206720.13,318807.36,56841.0,82729.0,16.37,23.92,54.22,45.54,112.72,7.56
17035,Cumberland County,IL,118912.75,171428.59,51505.0,81491.0,10.39,13.06,44.16,58.22,98.85,2.67
17037,DeKalb County,IL,159451.22,270529.79,56874.0,78556.0,12.62,21.38,69.66,38.12,134.02,8.76
17039,Dewitt County,IL,94850.11,136809.85,54796.0,76218.0,7.79,11.14,44.24,39.09,98.95,3.35
17041,Douglas County,IL,84377.82,141271.32,53213.0,79854.0,7.14,10.98,67.43,50.06,130.94,3.85
17043,DuPage County,IL,274109.34,406316.31,81616.0,110974.0,15.12,22.73,48.23,35.97,104.46,7.61
17045,Edgar County,IL,118623.54,119782.93,50306.0,66725.0,10.61,11.14,0.98,32.64,39.28,0.53
17049,Effingham County,IL,136950.12,209162.63,53077.0,81668.0,11.61,15.9,52.73,53.87,110.66,4.29
17051,Fayette County,IL,123453.62,157914.06,41838.0,63445.0,13.28,15.45,27.91,51.64,76.43,2.17
17053,Ford County,IL,108517.6,147729.23,53151.0,69761.0,9.19,13.15,36.13,31.25,87.77,3.96
17055,Franklin County,IL,139175.68,114296.98,43428.0,59310.0,14.42,11.96,-17.88,36.57,13.28,-2.46
17057,Fulton County,IL,83039.02,109610.48,44649.0,63587.0,8.37,10.7,32.0,42.42,82.07,2.33
17061,Greene County,IL,93250.05,113774.1,43943.0,62654.0,9.55,11.27,22.01,42.58,68.29,1.72
17063,Grundy County,IL,182600.01,301726.57,71928.0,96937.0,11.43,19.32,65.24,34.77,127.92,7.9
17065,Hamilton County,IL,178525.94,131180.69,45926.0,66346.0,17.5,12.27,-26.52,44.46,1.35,-5.22
17073,Henry County,IL,110196.82,155757.9,58983.0,72293.0,8.41,13.38,41.35,22.57,94.96,4.97
17075,Iroquois County,IL,102058.43,145102.71,49836.0,70408.0,9.22,12.79,42.18,41.28,96.11,3.58
17079,Jasper County,IL,89239.11,147880.99,52608.0,72816.0,7.63,12.61,65.71,38.41,128.57,4.97
17081,Jefferson County,IL,197502.84,136897.37,46460.0,61746.0,19.13,13.76,-30.69,32.9,-4.39,-5.37
17083,Jersey County,IL,140759.08,194986.61,53864.0,77236.0,11.76,15.67,38.53,43.39,91.07,3.91
17085,Jo Daviess County,IL,137323.3,226851.4,51201.0,70046.0,12.07,20.11,65.2,36.81,127.86,8.03
17089,Kane County,IL,206844.33,354204.66,70502.0,103587.0,13.21,21.23,71.24,46.93,136.2,8.02
17091,Kankakee County,IL,130284.87,208108.85,53227.0,75936.0,11.02,17.01,59.73,42.66,120.32,6.0
17093,Kendall County,IL,204971.37,367581.54,88773.0,120075.0,10.39,19.0,79.33,35.26,147.36,8.61
17095,Knox County,IL,81945.32,102667.62,43796.0,58896.0,8.42,10.82,25.29,34.48,72.81,2.4
17097,Lake County,IL,232652.28,360189.7,82160.0,108137.0,12.75,20.68,54.82,31.62,113.54,7.93
17099,La Salle County,IL,108201.84,173846.19,52316.0,72846.0,9.31,14.82,60.67,39.24,121.61,5.51
17103,Lee County,IL,70754.33,165394.34,52581.0,70166.0,6.06,14.63,133.76,33.44,222.43,8.58
17105,Livingston County,IL,94194.3,146226.71,55474.0,76043.0,7.64,11.94,55.24,37.08,114.12,4.3
17107,Logan County,IL,105327.14,128661.86,58191.0,68362.0,8.15,11.68,22.15,17.48,68.49,3.54
17109,McDonough County,IL,92304.81,102480.48,42453.0,62276.0,9.79,10.22,11.02,46.69,53.14,0.43
17111,McHenry County,IL,194033.71,337678.26,80513.0,102725.0,10.85,20.41,74.03,27.59,140.04,9.56
17113,McLean County,IL,174118.9,241717.15,65766.0,81913.0,11.92,18.32,38.82,24.55,91.48,6.4
17115,Macon County,IL,81745.26,113250.91,48302.0,62679.0,7.62,11.22,38.54,29.76,91.09,3.6
17117,Macoupin County,IL,113816.58,144993.09,50460.0,69440.0,10.15,12.96,27.39,37.61,75.71,2.81
17119,Madison County,IL,115662.5,183902.88,52969.0,78648.0,9.83,14.52,59.0,48.48,119.31,4.69
17123,Marshall County,IL,94190.51,131374.17,53610.0,75927.0,7.91,10.74,39.48,41.63,92.38,2.83
17125,Mason County,IL,94908.31,91223.55,43743.0,64300.0,9.77,8.81,-3.88,46.99,32.58,-0.96
17131,Mercer County,IL,140022.69,164008.91,57934.0,81428.0,10.88,12.5,17.13,40.55,61.56,1.63
17133,Monroe County,IL,196774.95,297942.0,79686.0,108674.0,11.11,17.02,51.41,36.38,108.85,5.91
17135,Montgomery County,IL,97026.28,120798.46,46006.0,62882.0,9.49,11.93,24.5,36.68,71.73,2.43
17137,Morgan County,IL,101383.82,129400.85,45259.0,67794.0,10.08,11.85,27.63,49.79,76.05,1.77
17139,Moultrie County,IL,104077.29,161428.48,58975.0,76303.0,7.94,13.13,55.1,29.38,113.94,5.19
17141,Ogle County,IL,123742.66,205223.56,57268.0,80221.0,9.73,15.88,65.85,40.08,128.76,6.16
17143,Peoria County,IL,106181.33,145093.86,53781.0,68190.0,8.89,13.21,36.65,26.79,88.48,4.32
17145,Perry County,IL,114989.54,124356.9,46598.0,67372.0,11.11,11.46,8.15,44.58,49.17,0.35
17147,Piatt County,IL,153066.15,211006.77,65122.0,93892.0,10.58,13.95,37.85,44.18,90.14,3.37
17155,Putnam County,IL,91937.68,180048.74,60590.0,81998.0,6.83,13.63,95.84,35.33,170.12,6.8
17161,Rock Island County,IL,112179.96,150255.68,50419.0,67335.0,10.01,13.85,33.94,33.55,84.75,3.84
17163,Saint Clair County,IL,117029.28,173576.5,50416.0,78110.0,10.45,13.8,48.32,54.93,104.58,3.35
17165,Saline County,IL,113102.54,103022.04,40873.0,55561.0,12.45,11.51,-8.91,35.94,25.64,-0.94
17167,Sangamon County,IL,133441.28,177917.49,57591.0,78931.0,10.43,13.99,33.33,37.05,83.9,3.56
17173,Shelby County,IL,101134.12,154326.22,49633.0,75612.0,9.17,12.67,52.6,52.34,110.48,3.5
17175,Stark County,IL,111740.79,129771.33,50083.0,69557.0,10.04,11.58,16.14,38.88,60.19,1.54
17177,Stephenson County,IL,70938.72,136180.95,46430.0,64425.0,6.88,13.12,91.97,38.76,164.79,6.25
17179,Tazewell County,IL,124759.47,163519.49,57747.0,78573.0,9.72,12.92,31.07,36.06,80.78,3.2
17183,Vermilion County,IL,76275.03,102189.23,44705.0,62150.0,7.68,10.21,33.97,39.02,84.79,2.53
17187,Warren County,IL,86245.63,117337.53,46189.0,65671.0,8.4,11.09,36.05,42.18,87.66,2.69
17189,Washington County,IL,101419.96,148592.94,57019.0,81555.0,8.01,11.31,46.51,43.03,102.09,3.31
17191,Wayne County,IL,124956.2,131684.09,47995.0,61720.0,11.72,13.25,5.38,28.6,45.36,1.53
17195,Whiteside County,IL,103801.81,138138.94,45463.0,67711.0,10.28,12.67,33.08,48.94,83.56,2.39
17197,Will County,IL,213881.6,356180.41,76293.0,109888.0,12.62,20.12,66.53,44.03,129.7,7.5
17199,Williamson County,IL,116571.49,156024.09,47678.0,67879.0,11.0,14.27,33.84,42.37,84.61,3.27
17201,Winnebago County,IL,85495.37,180961.66,50024.0,67363.0,7.69,16.68,111.66,34.66,191.95,8.98
17203,Woodford County,IL,164685.92,204221.26,68233.0,100761.0,10.86,12.58,24.01,47.67,71.04,1.72
18001,Adams County,IN,118540.35,221851.3,49251.0,70816.0,10.83,19.45,87.15,43.79,158.14,8.62
18003,Allen County,IN,115322.1,243694.32,50017.0,70889.0,10.38,21.34,111.32,41.73,191.47,10.96
18005,Bartholomew County,IN,144506.13,260754.89,55580.0,81019.0,11.7,19.98,80.45,45.77,148.89,8.28
18007,Benton County,IN,77477.71,185507.21,50754.0,71407.0,6.87,16.13,139.43,40.69,230.25,9.26
18009,Blackford County,IN,67390.46,127271.73,39611.0,61080.0,7.66,12.94,88.86,54.2,160.49,5.28
18011,Boone County,IN,217107.52,394145.5,75163.0,108013.0,13.0,22.65,81.54,43.71,150.41,9.65
18013,Brown County,IN,167542.75,341545.76,53801.0,78954.0,14.02,26.86,103.86,46.75,181.18,12.84
18015,Carroll County,IN,114697.17,218436.6,52550.0,73200.0,9.82,18.53,90.45,39.3,162.69,8.7
18017,Cass County,IN,78702.99,163751.54,45575.0,62153.0,7.77,16.36,108.06,36.38,186.98,8.58
18019,Clark County,IN,132467.63,254337.16,51614.0,74005.0,11.55,21.34,92.0,43.38,164.83,9.78
18021,Clay County,IN,86242.87,173038.89,48947.0,69967.0,7.93,15.35,100.64,42.94,176.75,7.42
18023,Clinton County,IN,101351.93,206058.53,50342.0,68732.0,9.06,18.61,103.31,36.53,180.43,9.55
18025,Crawford County,IN,76243.12,157393.24,41331.0,60088.0,8.3,16.26,106.44,45.38,184.74,7.96
18027,Daviess County,IN,116493.32,215912.11,47019.0,68390.0,11.15,19.6,85.34,45.45,155.65,8.45
18029,Dearborn County,IN,157919.75,304522.93,64093.0,89808.0,11.09,21.05,92.83,40.12,165.98,9.96
18031,Decatur County,IN,131554.68,238401.79,51625.0,71515.0,11.47,20.7,81.22,38.53,149.96,9.23
18033,De Kalb County,IN,120916.45,227393.14,52382.0,81096.0,10.39,17.41,88.06,54.82,159.39,7.02
18035,Delaware County,IN,78458.7,154588.6,40633.0,55462.0,8.69,17.3,97.03,36.49,171.77,8.61
18037,Dubois County,IN,141175.8,241178.48,57336.0,80326.0,11.08,18.64,70.84,40.1,135.64,7.56
18039,Elkhart County,IN,125358.43,242674.4,50117.0,71053.0,11.26,21.2,93.58,41.77,167.01,9.95
18041,Fayette County,IN,72693.19,146807.27,42538.0,60267.0,7.69,15.12,101.95,41.68,178.56,7.43
18043,Floyd County,IN,153558.6,272457.47,57367.0,76310.0,12.05,22.17,77.43,33.02,144.73,10.12
18045,Fountain County,IN,96272.87,173814.79,51108.0,68344.0,8.48,15.79,80.54,33.72,149.03,7.31
18047,Franklin County,IN,150425.48,278359.09,53263.0,79204.0,12.71,21.82,85.05,48.7,155.24,9.11
18049,Fulton County,IN,102160.81,186364.18,51660.0,64566.0,8.9,17.92,82.42,24.98,151.62,9.02
18051,Gibson County,IN,107853.72,189560.29,53483.0,72427.0,9.08,16.25,75.76,35.42,142.42,7.17
18053,Grant County,IN,79353.17,140127.3,39984.0,52314.0,8.93,16.63,76.59,30.84,143.57,7.7
18055,Greene County,IN,98388.63,174985.0,47952.0,67268.0,9.23,16.15,77.85,40.28,145.31,6.91
18057,Hamilton County,IN,251660.81,448323.48,91844.0,127452.0,12.33,21.84,78.15,38.77,145.72,9.5
18059,Hancock County,IN,167401.32,319439.72,70277.0,96513.0,10.72,20.55,90.82,37.33,163.21,9.83
18061,Harrison County,IN,128917.89,247407.25,53719.0,79264.0,10.8,19.38,91.91,47.55,164.71,8.58
18063,Hendricks County,IN,178399.52,340329.31,73478.0,93476.0,10.93,22.6,90.77,27.22,163.13,11.67
18065,Henry County,IN,85430.97,177695.59,47954.0,67538.0,8.02,16.33,108.0,40.84,186.9,8.32
18067,Howard County,IN,87385.75,171354.91,47390.0,67297.0,8.3,15.81,96.09,42.01,170.47,7.51
18069,Huntington County,IN,104118.92,195661.41,49103.0,72146.0,9.54,16.84,87.92,46.93,159.2,7.29
18071,Jackson County,IN,123059.53,216504.59,45504.0,72024.0,12.17,18.66,75.93,58.28,142.67,6.49
18073,Jasper County,IN,159376.91,276778.68,60195.0,76990.0,11.92,22.32,73.66,27.9,139.54,10.4
18075,Jay County,IN,78480.2,153149.33,42646.0,58963.0,8.28,16.12,95.14,38.26,169.17,7.84
18077,Jefferson County,IN,107227.0,215971.76,47841.0,70467.0,10.09,19.03,101.42,47.29,177.82,8.94
18079,Jennings County,IN,108992.94,204775.01,46047.0,65766.0,10.65,19.33,87.88,42.82,159.15,8.68
18081,Johnson County,IN,156970.67,308023.96,68256.0,95247.0,10.35,20.08,96.23,39.54,170.66,9.73
18083,Knox County,IN,85831.11,148532.39,42818.0,61618.0,9.02,14.96,73.05,43.91,138.69,5.94
18085,Kosciusko County,IN,149262.17,271185.88,54147.0,77464.0,12.41,21.73,81.68,43.06,150.6,9.33
18087,Lagrange County,IN,162666.53,308645.02,56662.0,79761.0,12.92,24.02,89.74,40.77,161.71,11.1
18089,Lake County,IN,129516.73,245584.48,50613.0,73228.0,11.52,20.82,89.62,44.68,161.54,9.3
18091,La Porte County,IN,129617.14,239745.89,47401.0,68116.0,12.31,21.85,84.96,43.7,155.13,9.54
18093,Lawrence County,IN,100045.17,198566.91,46890.0,65270.0,9.6,18.89,98.48,39.2,173.76,9.28
18095,Madison County,IN,74164.7,176652.7,45065.0,60842.0,7.41,18.03,138.19,35.01,228.54,10.62
18097,Marion County,IN,103480.67,229119.19,41407.0,67368.0,11.25,21.11,121.41,62.7,205.4,9.87
18099,Marshall County,IN,133221.36,244273.4,49714.0,68762.0,12.06,22.05,83.36,38.32,152.91,9.99
18101,Martin County,IN,88926.36,188504.16,47717.0,69890.0,8.39,16.74,111.98,46.47,192.39,8.36
18103,Miami County,IN,74030.44,141991.31,46968.0,63980.0,7.09,13.78,91.8,36.22,164.56,6.68
18105,Monroe County,IN,163366.35,304334.92,45341.0,67457.0,16.22,28.01,86.29,48.78,156.95,11.79
18107,Montgomery County,IN,110606.07,207818.54,49425.0,72249.0,10.07,17.86,87.89,46.18,159.16,7.78
18109,Morgan County,IN,148968.75,289675.75,58376.0,79686.0,11.49,22.57,94.45,36.5,168.21,11.08
18111,Newton County,IN,106240.01,209280.91,48316.0,78688.0,9.9,16.51,96.99,62.86,171.71,6.61
18113,Noble County,IN,121695.51,234712.61,51876.0,72859.0,10.56,20.0,92.87,40.45,166.03,9.44
18115,Ohio County,IN,137645.24,262713.53,53177.0,70568.0,11.65,23.11,90.86,32.7,163.26,11.46
18117,Orange County,IN,92785.13,173628.73,40918.0,59152.0,10.21,18.22,87.13,44.56,158.11,8.02
18119,Owen County,IN,107171.99,219396.47,43731.0,68262.0,11.03,19.95,104.71,56.1,182.37,8.92
18121,Parke County,IN,98205.72,194977.08,43637.0,66511.0,10.13,18.2,98.54,52.42,173.85,8.07
18123,Perry County,IN,101107.53,177281.65,47192.0,64109.0,9.64,17.17,75.34,35.85,141.85,7.52
18125,Pike County,IN,82295.28,158919.88,47324.0,79458.0,7.83,12.42,93.11,67.9,166.36,4.59
18127,Porter County,IN,185648.21,321005.22,66070.0,88795.0,12.65,22.44,72.91,34.4,138.5,9.8
18129,Posey County,IN,128379.69,220103.42,58298.0,81600.0,9.91,16.75,71.45,39.97,136.48,6.83
18131,Pulaski County,IN,86469.37,174538.75,47455.0,65929.0,8.2,16.44,101.85,38.93,178.42,8.23
18133,Putnam County,IN,129182.12,258098.17,53910.0,79859.0,10.79,20.06,99.79,48.13,175.58,9.28
18135,Randolph County,IN,75402.11,137827.46,41315.0,62925.0,8.21,13.6,82.79,52.31,152.13,5.38
18137,Ripley County,IN,144564.71,255926.91,51553.0,70676.0,12.62,22.48,77.03,37.09,144.18,9.86
18139,Rush County,IN,103615.24,196017.75,48970.0,66985.0,9.52,18.17,89.18,36.79,160.94,8.64
18141,Saint Joseph County,IN,99642.28,211955.93,46881.0,64573.0,9.57,20.38,112.72,37.74,193.4,10.81
18143,Scott County,IN,95922.72,190152.5,43104.0,62514.0,10.02,18.88,98.24,45.03,173.43,8.87
18145,Shelby County,IN,119080.13,236522.01,54639.0,76907.0,9.81,19.09,98.62,40.75,173.97,9.28
18147,Spencer County,IN,118732.17,214995.2,56451.0,76789.0,9.47,17.38,81.08,36.03,149.76,7.92
18149,Starke County,IN,97264.7,201540.95,48106.0,67134.0,9.1,18.64,107.21,39.55,185.81,9.54
18151,Steuben County,IN,156557.04,292707.6,53191.0,77285.0,13.25,23.51,86.97,45.3,157.89,10.27
18153,Sullivan County,IN,91048.65,145562.61,44939.0,61119.0,9.12,14.79,59.87,36.0,120.52,5.67
18155,Switzerland County,IN,118828.71,223991.27,46344.0,63858.0,11.54,21.78,88.5,37.79,160.0,10.24
18157,Tippecanoe County,IN,143893.96,283549.23,50170.0,68036.0,12.91,25.87,97.05,35.61,171.8,12.96
18159,Tipton County,IN,107393.71,222113.51,56292.0,72684.0,8.59,18.97,106.82,29.12,185.27,10.38
18161,Union County,IN,95686.72,180876.46,45050.0,67286.0,9.56,16.69,89.03,49.36,160.73,7.13
18163,Vanderburgh County,IN,104458.75,187431.16,43823.0,63717.0,10.73,18.26,79.43,45.4,147.49,7.53
18165,Vermillion County,IN,74810.2,128092.08,44376.0,60160.0,7.59,13.22,71.22,35.57,136.17,5.63
18167,Vigo County,IN,88700.26,155219.33,39635.0,57173.0,10.07,16.85,74.99,44.25,141.37,6.78
18169,Wabash County,IN,95417.44,173668.44,48223.0,68224.0,8.91,15.8,82.01,41.48,151.05,6.9
18171,Warren County,IN,102799.92,223429.52,57768.0,81984.0,8.01,16.92,117.34,41.92,199.79,8.91
18173,Warrick County,IN,159375.96,272812.35,66461.0,82097.0,10.79,20.63,71.18,23.53,136.11,9.84
18175,Washington County,IN,110796.33,204893.83,43498.0,66805.0,11.46,19.04,84.93,53.58,155.08,7.58
18177,Wayne County,IN,85258.51,152560.72,41849.0,53395.0,9.17,17.74,78.94,27.59,146.81,8.57
18179,Wells County,IN,122431.77,227714.52,55987.0,76864.0,9.84,18.39,85.99,37.29,156.54,8.55
18181,White County,IN,112216.2,206283.52,50370.0,68828.0,10.03,18.61,83.83,36.64,153.56,8.58
18183,Whitley County,IN,134581.76,260146.85,56142.0,78506.0,10.79,20.57,93.3,39.83,166.62,9.78
19001,Adair County,IA,97333.86,181445.08,51531.0,73642.0,8.5,15.3,86.42,42.91,157.13,6.79
19005,Allamakee County,IA,138869.55,231741.62,47756.0,71728.0,13.09,20.06,66.88,50.2,130.18,6.97
19007,Appanoose County,IA,71612.72,121175.74,41018.0,57459.0,7.86,13.09,69.21,40.08,133.39,5.23
19009,Audubon County,IA,81302.62,143858.8,50948.0,68732.0,7.18,12.99,76.94,34.91,144.06,5.81
19011,Benton County,IA,159548.77,252006.27,65127.0,85848.0,11.03,18.22,57.95,31.82,117.86,7.2
19013,Black Hawk County,IA,126475.54,179655.54,50335.0,70553.0,11.31,15.81,42.05,40.17,95.93,4.5
19015,Boone County,IA,126569.11,215691.02,58010.0,80986.0,9.82,16.53,70.41,39.61,135.05,6.71
19017,Bremer County,IA,167560.63,243924.45,65295.0,83565.0,11.55,18.12,45.57,27.98,100.79,6.57
19019,Buchanan County,IA,130043.23,204159.65,55848.0,81191.0,10.48,15.61,56.99,45.38,116.54,5.13
19021,Buena Vista County,IA,107834.99,185139.55,51991.0,77083.0,9.34,14.91,71.69,48.26,136.81,5.58
19023,Butler County,IA,117070.42,180911.42,54947.0,77322.0,9.59,14.53,54.53,40.72,113.15,4.94
19025,Calhoun County,IA,85245.52,144020.19,49206.0,62385.0,7.8,14.33,68.95,26.78,133.03,6.53
19027,Carroll County,IA,126567.85,190664.08,58575.0,81338.0,9.73,14.55,50.64,38.86,107.78,4.83
19031,Cedar County,IA,141657.37,233687.1,60120.0,84970.0,10.61,17.07,64.97,41.33,127.54,6.47
19033,Cerro Gordo County,IA,109589.97,190052.68,50208.0,73937.0,9.82,15.96,73.42,47.26,139.2,6.13
19035,Cherokee County,IA,90194.86,152514.14,52879.0,82715.0,7.68,11.45,69.09,56.42,133.23,3.77
19037,Chickasaw County,IA,114767.17,198009.52,57559.0,82840.0,8.97,14.84,72.53,43.92,137.98,5.86
19039,Clarke County,IA,105183.87,187140.66,49424.0,68642.0,9.58,16.93,77.92,38.88,145.41,7.35
19041,Clay County,IA,116204.83,181088.31,52584.0,61530.0,9.95,18.27,55.84,17.01,114.95,8.32
19043,Clayton County,IA,154229.69,233967.84,48598.0,77983.0,14.28,18.63,51.7,60.47,109.24,4.34
19045,Clinton County,IA,112672.5,169486.68,52945.0,70546.0,9.58,14.92,50.42,33.24,107.48,5.34
19047,Crawford County,IA,92273.47,168210.72,51834.0,70773.0,8.01,14.76,82.3,36.54,151.44,6.74
19049,Dallas County,IA,238272.26,355532.13,81381.0,99683.0,13.18,22.14,49.21,22.49,105.81,8.96
19051,Davis County,IA,123140.1,219757.12,49851.0,70676.0,11.12,19.3,78.46,41.77,146.15,8.19
19053,Decatur County,IA,131051.25,151215.14,39424.0,56186.0,14.96,16.71,15.39,42.52,59.15,1.75
19055,Delaware County,IA,156565.02,233662.72,59260.0,79407.0,11.89,18.27,49.24,34.0,105.85,6.38
19057,Des Moines County,IA,104665.84,143889.24,50125.0,65796.0,9.4,13.58,37.47,31.26,89.62,4.18
19059,Dickinson County,IA,230301.87,380978.75,56869.0,86022.0,18.23,27.49,65.43,51.26,128.18,9.27
19061,Dubuque County,IA,160566.19,253790.89,57862.0,80355.0,12.49,19.61,58.06,38.87,118.02,7.12
19063,Emmet County,IA,94192.13,138625.39,46092.0,64393.0,9.2,13.36,47.17,39.71,103.0,4.17
19065,Fayette County,IA,84959.26,141552.36,47615.0,63625.0,8.03,13.81,66.61,33.62,129.81,5.78
19067,Floyd County,IA,107501.97,147752.28,49111.0,71848.0,9.85,12.77,37.44,46.3,89.58,2.91
19069,Franklin County,IA,90611.31,144730.06,52975.0,71711.0,7.7,12.53,59.73,35.37,120.31,4.83
19071,Fremont County,IA,93454.94,163004.17,55421.0,70478.0,7.59,14.36,74.42,27.17,140.58,6.77
19073,Greene County,IA,77704.9,160528.28,51002.0,69469.0,6.86,14.35,106.59,36.21,184.95,7.49
19075,Grundy County,IA,125907.92,204168.29,62423.0,84203.0,9.08,15.05,62.16,34.89,123.67,5.97
19077,Guthrie County,IA,145146.7,255087.09,54719.0,75047.0,11.94,21.1,75.74,37.15,142.41,9.16
19081,Hancock County,IA,97420.34,174036.64,56746.0,67667.0,7.73,15.97,78.65,19.25,146.41,8.24
19085,Harrison County,IA,133726.83,203685.11,57244.0,84402.0,10.51,14.98,52.31,47.44,110.09,4.47
19087,Henry County,IA,114980.67,180953.59,50241.0,69313.0,10.3,16.21,57.38,37.96,117.07,5.91
19089,Howard County,IA,102940.14,182561.43,50602.0,71163.0,9.16,15.93,77.35,40.63,144.62,6.77
19091,Humboldt County,IA,93213.0,150960.72,52702.0,75434.0,7.96,12.42,61.95,43.13,123.38,4.46
19093,Ida County,IA,112495.12,168031.4,53804.0,72456.0,9.41,14.4,49.37,34.67,106.03,4.99
19095,Iowa County,IA,135155.8,214051.05,63185.0,78465.0,9.63,16.94,58.37,24.18,118.45,7.31
19097,Jackson County,IA,125817.53,221122.76,49956.0,71135.0,11.34,19.3,75.75,42.4,142.41,7.96
19099,Jasper County,IA,115765.67,213143.58,53765.0,74790.0,9.69,17.69,84.12,39.11,153.96,8.0
19101,Jefferson County,IA,113323.38,172513.37,43495.0,63788.0,11.73,16.79,52.23,46.66,109.98,5.06
19103,Johnson County,IA,203870.08,294837.78,57706.0,77124.0,15.9,23.73,44.62,33.65,99.48,7.83
19105,Jones County,IA,158620.17,219512.34,55789.0,76093.0,12.8,17.91,38.39,36.39,90.88,5.11
19107,Keokuk County,IA,95727.17,132158.76,50054.0,56316.0,8.61,14.57,38.06,12.51,90.43,5.96
19109,Kossuth County,IA,109571.18,165131.71,52433.0,73860.0,9.41,13.88,50.71,40.87,107.87,4.47
19111,Lee County,IA,90338.71,123756.16,45428.0,63479.0,8.95,12.1,36.99,39.74,88.95,3.15
19113,Linn County,IA,151573.53,228898.32,58142.0,75639.0,11.73,18.79,51.01,30.09,108.3,7.05
19115,Louisa County,IA,97818.52,161079.06,53197.0,72753.0,8.28,13.75,64.67,36.76,127.13,5.47
19117,Lucas County,IA,84748.09,177768.68,46933.0,61457.0,8.13,17.96,109.76,30.95,189.33,9.83
19119,Lyon County,IA,122739.36,225707.51,64057.0,85185.0,8.62,16.45,83.89,32.98,153.65,7.83
19121,Madison County,IA,161555.96,326001.31,65294.0,90539.0,11.14,22.35,101.79,38.66,178.33,11.22
19123,Mahaska County,IA,104647.19,181993.53,50335.0,72199.0,9.36,15.65,73.91,43.44,139.88,6.29
19125,Marion County,IA,139577.47,258582.46,57411.0,81672.0,10.94,19.66,85.26,42.26,155.53,8.71
19127,Marshall County,IA,102716.05,183340.38,53980.0,68660.0,8.56,16.58,78.49,27.2,146.2,8.01
19129,Mills County,IA,155406.37,264782.99,62507.0,88809.0,11.19,18.51,70.38,42.08,135.01,7.32
19131,Mitchell County,IA,109550.14,196493.59,61352.0,84344.0,8.04,14.46,79.36,37.48,147.4,6.43
19133,Monona County,IA,89011.88,158751.7,43991.0,68168.0,9.11,14.46,78.35,54.96,146.0,5.35
19135,Monroe County,IA,71284.27,164635.96,48181.0,69366.0,6.66,14.73,130.96,43.97,218.56,8.08
19137,Montgomery County,IA,86183.33,137747.46,43210.0,63117.0,8.98,13.55,59.83,46.07,120.46,4.57
19139,Muscatine County,IA,123425.77,188932.17,53401.0,71330.0,10.4,16.44,53.07,33.57,111.14,6.04
19141,O Brien County,IA,103298.78,167494.57,53907.0,69967.0,8.62,14.86,62.15,29.79,123.65,6.24
19143,Osceola County,IA,84497.57,155821.0,54415.0,73397.0,6.99,13.18,84.41,34.88,154.36,6.19
19145,Page County,IA,86172.23,142089.18,46870.0,64193.0,8.28,13.74,64.89,36.96,127.44,5.47
19147,Palo Alto County,IA,100553.98,153887.6,48992.0,67377.0,9.24,14.18,53.04,37.53,111.09,4.94
19149,Plymouth County,IA,158121.35,267241.01,61929.0,88903.0,11.49,18.66,69.01,43.56,133.12,7.17
19153,Polk County,IA,163027.37,275869.7,60436.0,82960.0,12.14,20.64,69.22,37.27,133.4,8.5
19155,Pottawattamie County,IA,126898.18,230162.04,52927.0,73799.0,10.79,19.36,81.38,39.44,150.17,8.57
19157,Poweshiek County,IA,129861.69,198241.41,52861.0,72929.0,11.06,16.88,52.66,37.96,110.56,5.82
19159,Ringgold County,IA,101326.95,170280.59,45870.0,62608.0,9.94,16.88,68.05,36.49,131.8,6.94
19161,Sac County,IA,87398.27,155511.63,52506.0,73294.0,7.49,13.17,77.93,39.59,145.43,5.68
19163,Scott County,IA,159843.02,236021.98,58160.0,78991.0,12.37,18.55,47.66,35.82,103.67,6.18
19165,Shelby County,IA,114857.19,195664.02,54614.0,78108.0,9.47,15.55,70.35,43.02,134.97,6.09
19167,Sioux County,IA,173103.96,288152.21,62875.0,81746.0,12.39,21.88,66.46,30.01,129.6,9.49
19169,Story County,IA,189099.09,279692.18,51706.0,69868.0,16.46,24.85,47.91,35.13,104.01,8.39
19171,Tama County,IA,100344.91,159684.82,59226.0,73493.0,7.63,13.49,59.14,24.09,119.5,5.86
19173,Taylor County,IA,69683.87,125307.39,46466.0,63373.0,6.75,12.28,79.82,36.39,148.03,5.53
19175,Union County,IA,88677.57,143556.1,45010.0,63997.0,8.87,13.93,61.89,42.18,123.29,5.06
19177,Van Buren County,IA,79929.79,176083.07,43653.0,60881.0,8.24,17.96,120.3,39.47,203.86,9.71
19179,Wapello County,IA,88988.89,129800.26,44738.0,67370.0,8.95,11.96,45.86,50.59,101.19,3.01
19181,Warren County,IA,185182.13,311690.79,67728.0,101640.0,12.31,19.04,68.32,50.07,132.16,6.73
19183,Washington County,IA,129524.55,218112.13,55283.0,77916.0,10.55,17.38,68.39,40.94,132.27,6.83
19185,Wayne County,IA,70535.97,131205.15,44381.0,62202.0,7.15,13.1,86.01,40.15,156.57,5.94
19187,Webster County,IA,88712.47,135472.56,44922.0,66298.0,8.89,12.69,52.71,47.58,110.64,3.8
19189,Winnebago County,IA,101407.0,145571.03,48408.0,71443.0,9.43,12.65,43.55,47.59,98.0,3.22
19191,Winneshiek County,IA,178162.51,289224.84,59096.0,79996.0,13.57,22.45,62.34,35.37,123.92,8.88
19193,Woodbury County,IA,109418.81,199683.57,50774.0,76974.0,9.7,16.1,82.49,51.6,151.72,6.41
19195,Worth County,IA,105578.61,174375.34,50761.0,74047.0,9.36,14.62,65.16,45.87,127.81,5.26
19197,Wright County,IA,77780.55,125832.54,49882.0,69241.0,7.02,11.28,61.78,38.81,123.14,4.26
20001,Allen County,KS,68236.65,112229.08,41604.0,59080.0,7.38,11.79,64.47,42.01,126.86,4.41
20003,Anderson County,KS,77640.18,176703.58,47267.0,66145.0,7.39,16.58,127.59,39.94,213.92,9.19
20005,Atchison County,KS,82269.57,167340.92,46110.0,65578.0,8.03,15.84,103.41,42.22,180.56,7.81
20011,Bourbon County,KS,69318.31,129979.46,39609.0,57131.0,7.88,14.12,87.51,44.24,158.64,6.25
20013,Brown County,KS,72384.71,138063.91,46884.0,62180.0,6.95,13.78,90.74,32.63,163.09,6.84
20015,Butler County,KS,135544.69,232793.87,61473.0,83150.0,9.92,17.38,71.75,35.26,136.89,7.46
20021,Cherokee County,KS,72582.7,121820.32,39842.0,57750.0,8.2,13.1,67.84,44.95,131.5,4.9
20031,Coffey County,KS,95557.08,177149.63,57160.0,72961.0,7.52,15.07,85.39,27.64,155.71,7.55
20035,Cowley County,KS,66371.65,117655.79,47851.0,60819.0,6.24,12.01,77.27,27.1,144.51,5.77
20037,Crawford County,KS,85835.27,137211.07,38139.0,55652.0,10.13,15.31,59.85,45.92,120.49,5.18
20041,Dickinson County,KS,107254.65,157622.12,47570.0,68772.0,10.15,14.23,46.96,44.57,102.71,4.08
20043,Doniphan County,KS,73762.8,140174.23,47000.0,70442.0,7.06,12.35,90.03,49.88,162.12,5.29
20045,Douglas County,KS,175688.82,317376.74,52447.0,73332.0,15.08,26.87,80.65,39.82,149.17,11.79
20055,Finney County,KS,142600.37,233681.62,53245.0,70195.0,12.05,20.67,63.87,31.83,126.03,8.61
20059,Franklin County,KS,108360.83,230930.7,51484.0,72458.0,9.47,19.79,113.11,40.74,193.95,10.31
20061,Geary County,KS,151644.93,192823.32,45590.0,62304.0,14.97,19.21,27.15,36.66,75.39,4.24
20079,Harvey County,KS,106449.67,178493.67,55470.0,77273.0,8.64,14.34,67.68,39.31,131.28,5.7
20087,Jefferson County,KS,126070.12,264705.64,59080.0,89065.0,9.6,18.45,109.97,50.75,189.61,8.85
20091,Johnson County,KS,246963.91,436041.96,83007.0,109357.0,13.39,24.75,76.56,31.74,143.53,11.36
20095,Kingman County,KS,88811.68,162540.6,52907.0,67768.0,7.56,14.89,83.02,28.09,152.44,7.33
20103,Leavenworth County,KS,167939.08,325333.59,61465.0,91056.0,12.3,22.18,93.72,48.14,167.2,9.88
20107,Linn County,KS,75168.52,160940.5,46065.0,67904.0,7.34,14.71,114.11,47.41,195.32,7.37
20111,Lyon County,KS,101502.89,178332.1,39562.0,58892.0,11.55,18.8,75.69,48.86,142.33,7.25
20113,McPherson County,KS,138986.78,211864.82,61356.0,78212.0,10.2,16.82,52.44,27.47,110.26,6.62
20115,Marion County,KS,73092.22,135158.81,51196.0,69222.0,6.43,12.12,84.92,35.21,155.06,5.7
20121,Miami County,KS,174479.0,354316.1,62375.0,92421.0,12.59,23.8,103.07,48.17,180.1,11.21
20125,Montgomery County,KS,72126.73,95818.14,43289.0,57413.0,7.5,10.36,32.85,32.63,83.24,2.86
20139,Osage County,KS,93122.34,191145.6,48364.0,73436.0,8.67,16.16,105.26,51.84,183.12,7.49
20143,Ottawa County,KS,89302.88,164493.02,50302.0,67597.0,7.99,15.11,84.2,34.38,154.07,7.12
20149,Pottawatomie County,KS,191039.76,299166.8,60601.0,97918.0,14.19,18.97,56.6,61.58,116.0,4.78
20155,Reno County,KS,88291.31,144202.92,47178.0,61984.0,8.42,14.44,63.33,31.38,125.28,6.02
20161,Riley County,KS,178124.36,249542.43,46690.0,64086.0,17.17,24.17,40.09,37.26,93.24,7.0
20167,Russell County,KS,67188.62,105949.84,42625.0,63325.0,7.09,10.39,57.69,48.56,117.51,3.29
20169,Saline County,KS,108214.79,170358.81,47052.0,69558.0,10.35,15.2,57.43,47.83,117.14,4.85
20173,Sedgwick County,KS,119810.31,218402.81,50995.0,71044.0,10.57,19.09,82.29,39.32,151.44,8.51
20177,Shawnee County,KS,112887.48,200751.02,51316.0,71876.0,9.9,17.34,77.83,40.07,145.29,7.44
20191,Sumner County,KS,86362.06,144597.33,51451.0,73082.0,7.55,12.28,67.43,42.04,130.94,4.73
20205,Wilson County,KS,72077.1,107463.09,41461.0,58848.0,7.82,11.34,49.09,41.94,105.65,3.51
20209,Wyandotte County,KS,75284.13,204939.54,41746.0,64054.0,8.12,19.86,172.22,53.44,275.48,11.75
21003,Allen County,KY,103521.03,212660.28,42287.0,64655.0,11.02,20.42,105.43,52.9,183.35,9.4
21005,Anderson County,KY,125639.23,240161.39,55523.0,76395.0,10.18,19.52,91.15,37.59,163.66,9.33
21007,Ballard County,KY,94388.51,143483.57,44352.0,61431.0,9.58,14.5,52.01,38.51,109.68,4.92
21009,Barren County,KY,109680.22,209618.54,40017.0,58256.0,12.34,22.34,91.12,45.58,163.61,10.0
21011,Bath County,KY,84191.17,165003.24,35143.0,53078.0,10.78,19.3,95.99,51.03,170.33,8.52
21013,Bell County,KY,106922.48,115533.51,23968.0,39209.0,20.08,18.29,8.05,63.59,49.04,-1.79
21015,Boone County,KY,192103.71,330712.65,68804.0,103122.0,12.57,19.91,72.15,49.88,137.45,7.34
21017,Bourbon County,KY,145059.14,260397.6,46370.0,66264.0,14.08,24.4,79.51,42.9,147.6,10.32
21019,Boyd County,KY,84921.14,137795.89,43406.0,61094.0,8.81,14.0,62.26,40.75,123.81,5.2
21021,Boyle County,KY,119679.65,228573.04,40459.0,63052.0,13.31,22.51,90.99,55.84,163.43,9.19
21023,Bracken County,KY,92621.33,186124.28,44846.0,66635.0,9.3,17.34,100.95,48.59,177.18,8.04
21027,Breckinridge County,KY,98893.52,172052.71,42347.0,58822.0,10.51,18.16,73.98,38.9,139.97,7.65
21029,Bullitt County,KY,157216.71,283294.03,54755.0,85779.0,12.92,20.5,80.19,56.66,148.54,7.58
21033,Caldwell County,KY,87156.05,159141.77,39355.0,51984.0,9.97,19.01,82.59,32.09,151.86,9.04
21035,Calloway County,KY,95746.45,228941.5,40585.0,56410.0,10.62,25.2,139.11,38.99,229.81,14.58
21037,Campbell County,KY,161934.78,280904.68,51694.0,76744.0,14.1,22.72,73.47,48.46,139.27,8.62
21039,Carlisle County,KY,66872.31,131365.81,43144.0,61317.0,6.98,13.3,96.44,42.12,170.96,6.32
21041,Carroll County,KY,92357.9,181674.51,46499.0,65791.0,8.94,17.14,96.71,41.49,171.32,8.2
21043,Carter County,KY,89712.82,155134.25,37204.0,53796.0,10.85,17.9,72.92,44.6,138.52,7.05
21045,Casey County,KY,72555.92,151771.1,33576.0,48938.0,9.73,19.25,109.18,45.75,188.52,9.53
21047,Christian County,KY,96442.33,190862.23,39840.0,56457.0,10.9,20.99,97.9,41.71,172.97,10.09
21049,Clark County,KY,115569.08,231350.66,54812.0,63815.0,9.49,22.51,100.18,16.43,176.12,13.02
21051,Clay County,KY,63454.99,128276.15,24001.0,39016.0,11.9,20.41,102.15,62.56,178.83,8.51
21053,Clinton County,KY,80951.16,155159.93,29178.0,42798.0,12.49,22.51,91.67,46.68,164.38,10.02
21055,Crittenden County,KY,97534.77,135880.03,40202.0,57359.0,10.92,14.71,39.31,42.68,92.16,3.79
21059,Daviess County,KY,112650.96,205742.08,48724.0,68015.0,10.41,18.78,82.64,39.59,151.91,8.37
21061,Edmonson County,KY,93927.05,184993.45,38673.0,57647.0,10.93,19.92,96.95,49.06,171.66,8.99
21065,Estill County,KY,78957.34,135890.28,32541.0,48992.0,10.92,17.22,72.11,50.55,137.39,6.3
21067,Fayette County,KY,167638.44,312206.98,51963.0,71046.0,14.52,27.28,86.24,36.72,156.88,12.76
21069,Fleming County,KY,91983.57,167895.76,47030.0,56093.0,8.8,18.58,82.53,19.27,151.76,9.78
21071,Floyd County,KY,89917.23,114085.6,30888.0,44735.0,13.1,15.83,26.88,44.83,75.01,2.73
21073,Franklin County,KY,132034.9,228273.69,50471.0,63103.0,11.77,22.46,72.89,25.03,138.47,10.68
21075,Fulton County,KY,56211.54,98829.49,30798.0,44503.0,8.21,13.79,75.82,44.5,142.51,5.57
21077,Gallatin County,KY,96200.65,188462.87,47679.0,67617.0,9.08,17.3,95.91,41.82,170.22,8.22
21079,Garrard County,KY,118830.3,233360.89,45018.0,64539.0,11.88,22.45,96.38,43.36,170.87,10.57
21081,Grant County,KY,133047.95,262254.19,45307.0,67881.0,13.22,23.98,97.11,49.82,171.88,10.77
21083,Graves County,KY,77077.72,157197.84,39515.0,56968.0,8.78,17.13,103.95,44.17,181.31,8.35
21085,Grayson County,KY,82558.53,175136.84,37057.0,53988.0,10.03,20.14,112.14,45.69,192.6,10.11
21087,Green County,KY,83716.96,169758.06,36226.0,52542.0,10.4,20.06,102.78,45.04,179.69,9.66
21089,Greenup County,KY,110040.57,152708.14,45690.0,61352.0,10.84,15.45,38.77,34.28,91.41,4.61
21091,Hancock County,KY,93323.52,186840.83,52929.0,76970.0,7.94,15.07,100.21,45.42,176.15,7.13
21093,Hardin County,KY,133942.02,241327.62,49637.0,70505.0,12.15,21.25,80.17,42.04,148.52,9.1
21097,Harrison County,KY,120416.42,210575.9,47040.0,67409.0,11.52,19.39,74.87,43.3,141.21,7.87
21099,Hart County,KY,89249.54,175599.95,34764.0,55611.0,11.56,19.6,96.75,59.97,171.38,8.05
21101,Henderson County,KY,117746.73,198961.9,45718.0,62182.0,11.59,19.86,68.97,36.01,133.07,8.27
21103,Henry County,KY,115133.25,233145.43,47802.0,67994.0,10.84,21.29,102.5,42.24,179.31,10.45
21105,Hickman County,KY,53996.33,119100.04,40890.0,57997.0,5.94,12.75,120.57,41.84,204.24,6.81
21107,Hopkins County,KY,89908.33,152332.01,44750.0,57348.0,9.04,16.49,69.43,28.15,133.7,7.45
21109,Jackson County,KY,79592.94,128100.47,30565.0,49388.0,11.72,16.1,60.94,61.58,121.99,4.38
21111,Jefferson County,KY,146878.6,253354.85,51230.0,70659.0,12.9,22.26,72.49,37.93,137.92,9.36
21113,Jessamine County,KY,159646.02,306654.78,49839.0,71861.0,14.42,26.49,92.08,44.19,164.95,12.07
21115,Johnson County,KY,91385.52,146258.33,36051.0,49122.0,11.41,18.48,60.05,36.26,120.75,7.08
21117,Kenton County,KY,150476.64,275584.02,52631.0,82787.0,12.87,20.67,83.14,57.3,152.61,7.8
21121,Knox County,KY,75718.24,130062.56,28578.0,40065.0,11.93,20.15,71.77,40.2,136.93,8.23
21123,Larue County,KY,105629.28,212440.38,40202.0,63320.0,11.83,20.83,101.12,57.5,177.41,9.0
21125,Laurel County,KY,104051.41,173829.09,37737.0,54404.0,12.41,19.84,67.06,44.17,130.43,7.43
21135,Lewis County,KY,76111.07,125606.44,33867.0,47414.0,10.12,16.45,65.03,40.0,127.63,6.33
21137,Lincoln County,KY,95673.38,192413.19,37220.0,54345.0,11.57,21.98,101.11,46.01,177.4,10.41
21139,Livingston County,KY,79519.53,147203.95,44551.0,61242.0,8.03,14.92,85.12,37.46,155.34,6.89
21141,Logan County,KY,97195.85,191804.97,43795.0,60406.0,9.99,19.71,97.34,37.93,172.19,9.72
21143,Lyon County,KY,123396.88,190099.4,48189.0,67019.0,11.53,17.61,54.06,39.08,112.49,6.08
21145,McCracken County,KY,108059.23,175715.18,47184.0,64076.0,10.31,17.02,62.61,35.8,124.29,6.72
21147,McCreary County,KY,65462.23,107683.84,25655.0,40509.0,11.48,16.5,64.5,57.9,126.89,5.02
21149,McLean County,KY,87418.72,166700.81,44007.0,60175.0,8.94,17.2,90.69,36.74,163.03,8.26
21151,Madison County,KY,149624.7,267081.09,46342.0,64536.0,14.53,25.69,78.5,39.26,146.21,11.16
21155,Marion County,KY,115809.89,215428.09,41189.0,62645.0,12.65,21.35,86.02,52.09,156.58,8.69
21157,Marshall County,KY,119094.41,189986.83,49771.0,70547.0,10.77,16.72,59.53,41.74,120.04,5.95
21161,Mason County,KY,89852.86,163652.07,37071.0,59252.0,10.91,17.15,82.13,59.83,151.22,6.24
21163,Meade County,KY,136913.37,252791.67,51111.0,76163.0,12.06,20.61,84.64,49.01,154.67,8.55
21167,Mercer County,KY,122818.35,232300.68,46346.0,67889.0,11.93,21.24,89.14,46.48,160.89,9.32
21169,Metcalfe County,KY,71114.48,158826.42,32654.0,51715.0,9.8,19.07,123.34,58.37,208.06,9.26
21171,Monroe County,KY,59573.29,130508.22,31603.0,48686.0,8.48,16.64,119.07,54.05,202.17,8.16
21173,Montgomery County,KY,113519.89,210936.26,42468.0,61732.0,12.03,21.21,85.81,45.36,156.3,9.18
21177,Muhlenberg County,KY,73701.96,128966.79,40272.0,53408.0,8.24,14.99,74.98,32.62,141.36,6.75
21179,Nelson County,KY,124030.13,246516.42,51843.0,75726.0,10.77,20.21,98.76,46.07,174.15,9.44
21181,Nicholas County,KY,94098.81,192510.73,37267.0,56479.0,11.36,21.16,104.58,51.55,182.19,9.8
21185,Oldham County,KY,261002.75,424961.18,84415.0,123360.0,13.92,21.39,62.82,46.14,124.58,7.47
21187,Owen County,KY,110395.18,180591.13,43686.0,64666.0,11.37,17.34,63.59,48.02,125.64,5.96
21191,Pendleton County,KY,102777.62,217390.71,49345.0,68030.0,9.37,19.84,111.52,37.87,191.75,10.46
21193,Perry County,KY,63561.77,97712.98,31740.0,44945.0,9.01,13.5,53.73,41.6,112.04,4.48
21195,Pike County,KY,79545.89,110530.15,34315.0,46499.0,10.43,14.76,38.95,35.51,91.66,4.32
21197,Powell County,KY,71745.49,163787.93,34510.0,50993.0,9.36,19.94,128.29,47.76,214.89,10.58
21199,Pulaski County,KY,80234.19,178367.76,40702.0,56318.0,8.87,19.66,122.31,38.37,206.64,10.79
21203,Rockcastle County,KY,83769.79,155291.87,33293.0,48953.0,11.32,19.69,85.38,47.04,155.7,8.37
21205,Rowan County,KY,100929.16,175541.61,36597.0,55174.0,12.41,19.75,73.93,50.76,139.9,7.34
21207,Russell County,KY,74897.74,152284.19,31968.0,51235.0,10.55,18.45,103.32,60.27,180.45,7.91
21209,Scott County,KY,172366.67,319516.7,63775.0,93893.0,12.16,21.13,85.37,47.23,155.68,8.96
21211,Shelby County,KY,184610.88,318866.29,60189.0,93720.0,13.81,21.12,72.72,55.71,138.24,7.32
21215,Spencer County,KY,183500.79,344883.74,68147.0,96943.0,12.12,22.09,87.95,42.26,159.24,9.97
21217,Taylor County,KY,107867.51,200206.63,35700.0,56626.0,13.6,21.95,85.6,58.62,156.01,8.35
21219,Todd County,KY,102816.78,217060.49,40963.0,58651.0,11.3,22.98,111.11,43.18,191.19,11.68
21221,Trigg County,KY,139500.62,156570.94,45106.0,64717.0,13.92,15.02,12.24,43.48,54.81,1.1
21223,Trimble County,KY,119093.12,216816.0,48392.0,72488.0,11.08,18.57,82.06,49.79,151.11,7.49
21225,Union County,KY,75945.05,127780.41,45239.0,61745.0,7.56,12.85,68.25,36.49,132.08,5.29
21227,Warren County,KY,153517.27,284777.92,45964.0,67824.0,15.03,26.07,85.5,47.56,155.87,11.03
21229,Washington County,KY,107527.71,230447.4,45143.0,66540.0,10.72,21.5,114.31,47.4,195.61,10.78
21231,Wayne County,KY,79029.56,160969.96,29826.0,41853.0,11.93,23.88,103.68,40.32,180.94,11.95
21233,Webster County,KY,65361.63,127229.41,44245.0,60750.0,6.65,13.0,94.65,37.3,168.49,6.35
21235,Whitley County,KY,96027.5,156801.71,31903.0,48936.0,13.55,19.89,63.29,53.39,125.23,6.34
21239,Woodford County,KY,197846.68,345174.06,57862.0,89773.0,15.39,23.87,74.47,55.15,140.64,8.48
22001,Acadia Parish,LA,152329.0,158294.69,42033.0,51455.0,16.31,19.1,3.92,22.42,43.33,2.79
22003,Allen Parish,LA,121000.77,120611.56,42120.0,53939.0,12.93,13.88,-0.32,28.06,37.49,0.95
22005,Ascension Parish,LA,213797.35,303055.03,74852.0,93654.0,12.86,20.09,41.75,25.12,95.52,7.23
22007,Assumption Parish,LA,149551.4,170930.79,48516.0,62636.0,13.87,16.94,14.3,29.1,57.65,3.07
22009,Avoyelles Parish,LA,166212.06,134291.4,34803.0,45439.0,21.5,18.35,-19.2,30.56,11.44,-3.15
22011,Beauregard Parish,LA,215243.9,206254.4,48206.0,64555.0,20.1,19.84,-4.18,33.91,32.17,-0.26
22013,Bienville Parish,LA,113718.87,124167.89,34565.0,45072.0,14.81,17.1,9.19,30.4,50.61,2.29
22015,Bossier Parish,LA,179626.03,241979.66,55403.0,68234.0,14.59,22.02,34.71,23.16,85.81,7.42
22017,Caddo Parish,LA,122657.85,147216.91,41081.0,53110.0,13.44,17.21,20.02,29.28,65.55,3.77
22021,Caldwell Parish,LA,134247.17,127070.11,38564.0,52399.0,15.67,15.06,-5.35,35.88,30.56,-0.61
22027,Claiborne Parish,LA,237674.72,108618.26,33740.0,46962.0,31.71,14.36,-54.3,39.19,-36.96,-17.35
22029,Concordia Parish,LA,115124.2,131649.49,33068.0,43367.0,15.67,18.85,14.35,31.14,57.73,3.18
22031,De Soto Parish,LA,161132.44,175256.58,41691.0,58865.0,17.4,18.48,8.77,41.19,50.02,1.09
22033,East Baton Rouge Parish,LA,173053.18,234270.78,50389.0,64198.0,15.46,22.65,35.38,27.4,86.73,7.2
22037,East Feliciana Parish,LA,174758.3,232081.9,43105.0,59862.0,18.25,24.07,32.8,38.87,83.18,5.82
22039,Evangeline Parish,LA,107308.5,120757.65,33407.0,46327.0,14.46,16.18,12.53,38.67,55.22,1.72
22041,Franklin Parish,LA,93476.87,124553.9,33845.0,44022.0,12.43,17.57,33.25,30.07,83.79,5.13
22043,Grant Parish,LA,142168.7,163090.08,43437.0,57672.0,14.73,17.56,14.72,32.77,58.23,2.82
22045,Iberia Parish,LA,137829.49,153516.89,45039.0,53127.0,13.77,17.94,11.38,17.96,53.63,4.17
22047,Iberville Parish,LA,146668.59,171590.09,42000.0,58450.0,15.72,18.23,16.99,39.17,61.37,2.51
22049,Jackson Parish,LA,115284.14,124083.74,41029.0,55711.0,12.65,13.83,7.63,35.78,48.46,1.18
22051,Jefferson Parish,LA,226684.07,260466.59,49503.0,63692.0,20.61,25.39,14.9,28.66,58.49,4.78
22053,Jefferson Davis Parish,LA,144642.5,161276.92,43677.0,56114.0,14.91,17.84,11.5,28.47,53.79,2.94
22055,Lafayette Parish,LA,209380.5,236985.21,52411.0,66072.0,17.98,22.27,13.18,26.07,56.12,4.29
22057,Lafourche Parish,LA,216722.51,195176.39,53482.0,68348.0,18.24,17.73,-9.94,27.8,24.22,-0.51
22059,LaSalle Parish,LA,146818.55,157300.4,46258.0,61524.0,14.29,15.87,7.14,33.0,47.78,1.59
22061,Lincoln Parish,LA,163077.46,220566.69,38118.0,52669.0,19.26,26.0,35.25,38.17,86.56,6.74
22063,Livingston Parish,LA,178161.78,244751.9,58774.0,76462.0,13.64,19.87,37.38,30.09,89.49,6.23
22067,Morehouse Parish,LA,99380.6,106264.85,31777.0,45435.0,14.08,14.52,6.93,42.98,47.49,0.44
22069,Natchitoches Parish,LA,177300.02,179874.56,33786.0,48814.0,23.62,22.88,1.45,44.48,39.93,-0.74
22071,Orleans Parish,LA,191119.3,259087.82,38640.0,57897.0,22.26,27.78,35.56,49.84,86.99,5.52
22073,Ouachita Parish,LA,142473.79,179924.12,38453.0,59701.0,16.68,18.71,26.29,55.26,74.19,2.03
22075,Plaquemines Parish,LA,248631.13,279934.63,49122.0,76385.0,22.78,22.75,12.59,55.5,55.3,-0.03
22077,Pointe Coupee Parish,LA,152644.32,194124.77,42919.0,63073.0,16.01,19.11,27.17,46.96,75.41,3.1
22079,Rapides Parish,LA,138980.35,170583.72,42758.0,56786.0,14.63,18.65,22.74,32.81,69.3,4.02
22081,Red River Parish,LA,145621.34,139156.93,41742.0,49844.0,15.7,17.33,-4.44,19.41,31.81,1.63
22083,Richland Parish,LA,146561.22,177476.26,34588.0,47023.0,19.07,23.43,21.09,35.95,67.03,4.36
22085,Sabine Parish,LA,169208.26,182655.7,42196.0,54066.0,18.05,20.97,7.95,28.13,48.89,2.92
22087,Saint Bernard Parish,LA,151017.81,215978.68,41540.0,57796.0,16.36,23.2,43.02,39.13,97.26,6.84
22089,Saint Charles Parish,LA,212903.79,260995.06,61601.0,85615.0,15.56,18.93,22.59,38.98,69.09,3.37
22093,Saint James Parish,LA,155581.63,197792.94,52258.0,69241.0,13.4,17.73,27.13,32.5,75.35,4.33
22095,Saint John the Baptist Parish,LA,177162.69,213766.54,50596.0,60610.0,15.76,21.9,20.66,19.79,66.43,6.14
22097,Saint Landry Parish,LA,156049.44,149211.1,33503.0,47897.0,20.96,19.34,-4.38,42.96,31.89,-1.62
22099,Saint Martin Parish,LA,143705.87,167717.6,45435.0,66885.0,14.24,15.57,16.71,47.21,60.98,1.33
22103,Saint Tammany Parish,LA,215136.49,285517.16,63499.0,84478.0,15.25,20.98,32.71,33.04,83.06,5.73
22105,Tangipahoa Parish,LA,189301.95,225268.81,41768.0,57775.0,20.4,24.21,19.0,38.32,64.14,3.81
22109,Terrebonne Parish,LA,196542.6,203488.52,44450.0,61990.0,19.9,20.38,3.53,39.46,42.81,0.48
22111,Union Parish,LA,114645.26,153129.19,38741.0,54865.0,13.32,17.33,33.57,41.62,84.23,4.01
22115,Vernon Parish,LA,163238.64,166963.52,44733.0,58533.0,16.42,17.71,2.28,30.85,41.08,1.28
22117,Washington Parish,LA,104883.68,126817.33,33453.0,46951.0,14.11,16.77,20.91,40.35,66.78,2.66
22119,Webster Parish,LA,146304.24,135418.96,34566.0,48578.0,19.05,17.31,-7.44,40.54,27.67,-1.74
22121,West Baton Rouge Parish,LA,179559.31,237358.54,55074.0,70550.0,14.67,20.89,32.19,28.1,82.33,6.21
22123,West Carroll Parish,LA,113818.06,129331.36,35484.0,50254.0,14.44,15.98,13.63,41.62,56.73,1.54
22125,West Feliciana Parish,LA,241328.61,358672.7,56680.0,76572.0,19.16,29.08,48.62,35.1,105.0,9.92
23001,Androscoggin County,ME,143211.0,326059.73,48930.0,68642.0,13.17,29.49,127.68,40.29,214.04,16.32
23003,Aroostook County,ME,95924.5,168407.58,37104.0,54965.0,11.64,19.02,75.56,48.14,142.16,7.39
23005,Cumberland County,ME,261219.14,559680.82,63191.0,93949.0,18.61,36.98,114.26,48.67,195.53,18.38
23007,Franklin County,ME,146815.28,294185.51,42859.0,60281.0,15.42,30.3,100.38,40.65,176.39,14.88
23009,Hancock County,ME,226782.61,424019.63,48601.0,75157.0,21.0,35.03,86.97,54.64,157.89,14.02
23011,Kennebec County,ME,144609.78,316585.5,50408.0,74048.0,12.91,26.54,118.92,46.9,201.97,13.63
23013,Knox County,ME,223005.85,453598.39,47489.0,73005.0,21.14,38.57,103.4,53.73,180.56,17.44
23015,Lincoln County,ME,220029.71,452179.83,50152.0,79312.0,19.75,35.39,105.51,58.14,183.46,15.65
23017,Oxford County,ME,145808.52,321074.15,42674.0,65487.0,15.38,30.44,120.2,53.46,203.73,15.06
23019,Penobscot County,ME,141341.69,270348.34,44647.0,66158.0,14.25,25.37,91.27,48.18,163.83,11.12
23021,Piscataquis County,ME,102415.08,217613.85,36463.0,61706.0,12.64,21.89,112.48,69.23,193.08,9.25
23023,Sagadahoc County,ME,200892.88,429193.61,55645.0,82454.0,16.25,32.31,113.64,48.18,194.68,16.07
23025,Somerset County,ME,105560.27,226589.88,40165.0,60314.0,11.83,23.32,114.65,50.17,196.08,11.49
23027,Waldo County,ME,182343.15,340371.39,43198.0,67854.0,19.0,31.14,86.67,57.08,157.47,12.14
23029,Washington County,ME,101425.67,208517.91,35576.0,55611.0,12.83,23.28,105.59,56.32,183.57,10.45
23031,York County,ME,246718.04,516465.24,61340.0,92098.0,18.1,34.81,109.33,50.14,188.74,16.71
24001,Allegany County,MD,97501.76,144792.35,39859.0,63215.0,11.01,14.22,48.5,58.6,104.83,3.21
24003,Anne Arundel County,MD,342055.61,494193.7,90825.0,127042.0,16.95,24.15,44.48,39.88,99.28,7.2
24005,Baltimore County,MD,241227.33,353957.72,68317.0,87865.0,15.89,25.01,46.73,28.61,102.39,9.12
24009,Calvert County,MD,327267.03,467827.7,98937.0,121798.0,14.89,23.85,42.95,23.11,97.17,8.96
24011,Caroline County,MD,184309.46,322750.05,51294.0,72564.0,16.17,27.61,75.11,41.47,141.54,11.44
24013,Carroll County,MD,318449.94,477981.51,84506.0,114927.0,16.96,25.82,50.1,36.0,107.03,8.86
24015,Cecil County,MD,229798.89,370425.83,68972.0,89501.0,15.0,25.69,61.2,29.76,122.34,10.7
24017,Charles County,MD,284813.58,449420.9,87941.0,125985.0,14.58,22.15,57.79,43.26,117.65,7.57
24019,Dorchester County,MD,150873.88,265850.94,44664.0,65476.0,15.2,25.21,76.21,46.6,143.05,10.0
24021,Frederick County,MD,313307.47,491991.76,83746.0,121380.0,16.84,25.16,57.03,44.94,116.6,8.33
24023,Garrett County,MD,202965.07,333079.21,46469.0,67553.0,19.66,30.61,64.11,45.37,126.36,10.95
24025,Harford County,MD,274809.76,411516.9,77992.0,110665.0,15.86,23.09,49.75,41.89,106.55,7.23
24027,Howard County,MD,444163.73,628014.4,110224.0,149980.0,18.14,26.0,41.39,36.07,95.03,7.86
24029,Kent County,MD,233876.82,375279.6,52274.0,75873.0,20.14,30.71,60.46,45.14,121.33,10.57
24031,Montgomery County,MD,438180.62,613999.59,98314.0,138870.0,20.06,27.45,40.12,41.25,93.28,7.39
24033,Prince Georges County,MD,261771.01,428453.22,76366.0,97634.0,15.43,27.24,63.67,27.85,125.76,11.82
24035,Queen Annes County,MD,323074.48,503381.62,83914.0,112621.0,17.33,27.75,55.81,34.21,114.91,10.42
24037,Saint Marys County,MD,290740.99,413423.25,83148.0,116969.0,15.74,21.94,42.2,40.68,96.13,6.2
24039,Somerset County,MD,116681.98,195917.63,38692.0,53022.0,13.57,22.94,67.91,37.04,131.6,9.37
24041,Talbot County,MD,313486.07,487269.99,62018.0,87121.0,22.75,34.72,55.44,40.48,114.4,11.97
24043,Washington County,MD,194582.49,317565.68,55270.0,77632.0,15.85,25.4,63.2,40.46,125.11,9.55
24045,Wicomico County,MD,156499.78,267352.81,52153.0,67786.0,13.51,24.49,70.83,29.98,135.63,10.98
24047,Worcester County,MD,244878.48,438766.23,53366.0,81711.0,20.65,33.34,79.18,53.11,147.14,12.68
24510,Baltimore City,MD,110525.72,190587.06,43192.0,63451.0,11.52,18.65,72.44,46.9,137.85,7.13
25001,Barnstable County,MA,380831.96,748962.11,65735.0,88495.0,26.08,52.54,96.66,34.62,171.26,26.47
25003,Berkshire County,MA,207473.03,374887.2,50646.0,76177.0,18.44,30.55,80.69,50.41,149.23,12.11
25005,Bristol County,MA,275582.67,517636.96,59839.0,81898.0,20.73,39.24,87.83,36.86,159.08,18.51
25007,Dukes County,MA,683069.15,1510647.33,64456.0,112733.0,47.7,83.19,121.16,74.9,205.04,35.49
25009,Essex County,MA,375932.79,697928.59,68237.0,102044.0,24.8,42.46,85.65,49.54,156.07,17.66
25011,Franklin County,MA,208722.1,361895.94,57325.0,74594.0,16.39,30.12,73.39,30.12,139.16,13.73
25013,Hampden County,MA,188818.69,333138.28,51415.0,71287.0,16.53,29.01,76.43,38.65,143.36,12.48
25015,Hampshire County,MA,262133.42,437528.38,60853.0,82817.0,19.39,32.8,66.91,36.09,130.22,13.41
25017,Middlesex County,MA,461019.13,799681.41,90025.0,132599.0,23.05,37.44,73.46,47.29,139.26,14.39
25019,Nantucket County,MA,1523619.23,2980648.88,86014.0,117877.0,79.73,156.98,95.63,37.04,169.84,77.25
25021,Norfolk County,MA,444774.66,758513.16,93187.0,137533.0,21.48,34.24,70.54,47.59,135.23,12.76
25023,Plymouth County,MA,332351.28,618352.23,74736.0,111910.0,20.02,34.3,86.05,49.74,156.63,14.29
25025,Suffolk County,MA,478391.9,749204.88,56530.0,95174.0,38.09,48.87,56.61,68.36,116.01,10.78
25027,Worcester County,MA,247528.05,482066.7,65621.0,96005.0,16.98,31.17,94.75,46.3,168.63,14.2
26001,Alcona County,MI,133076.65,179057.98,37618.0,53966.0,15.92,20.6,34.55,43.46,85.59,4.68
26003,Alger County,MI,154919.27,199859.63,43341.0,63959.0,16.09,19.4,29.01,47.57,77.94,3.31
26005,Allegan County,MI,161601.84,321937.19,55611.0,85080.0,13.08,23.49,99.22,52.99,174.78,10.41
26007,Alpena County,MI,112130.8,183128.1,40665.0,57827.0,12.41,19.66,63.32,42.2,125.27,7.25
26009,Antrim County,MI,144752.81,335650.7,49118.0,69924.0,13.26,29.8,131.88,42.36,219.83,16.54
26011,Arenac County,MI,92132.03,148764.2,37120.0,58859.0,11.17,15.69,61.47,58.56,122.72,4.52
26013,Baraga County,MI,122165.62,156299.15,42389.0,59617.0,12.97,16.28,27.94,40.64,76.47,3.3
26015,Barry County,MI,147016.45,280206.61,57665.0,81939.0,11.47,21.23,90.6,42.09,162.89,9.76
26017,Bay County,MI,92976.68,169053.3,46256.0,64751.0,9.05,16.21,81.82,39.98,150.79,7.16
26019,Benzie County,MI,205827.26,386110.7,48127.0,76215.0,19.25,31.45,87.59,58.36,158.75,12.2
26021,Berrien County,MI,149917.92,263970.73,46588.0,68882.0,14.48,23.79,76.08,47.85,142.87,9.31
26023,Branch County,MI,122991.65,201017.97,47146.0,64636.0,11.74,19.31,63.44,37.1,125.44,7.57
26025,Calhoun County,MI,87416.31,179148.25,43864.0,65049.0,8.97,17.1,104.94,48.3,182.67,8.13
26027,Cass County,MI,153933.68,258050.82,49889.0,69579.0,13.89,23.02,67.64,39.47,131.23,9.14
26029,Charlevoix County,MI,193070.16,394881.99,48267.0,71544.0,18.0,34.27,104.53,48.23,182.11,16.26
26031,Cheboygan County,MI,136239.19,246001.02,41036.0,58842.0,14.94,25.95,80.57,43.39,149.06,11.01
26033,Chippewa County,MI,134256.87,190332.19,42473.0,61705.0,14.23,19.15,41.77,45.28,95.54,4.92
26035,Clare County,MI,76743.57,145370.56,33250.0,48238.0,10.39,18.71,89.42,45.08,161.28,8.32
26037,Clinton County,MI,166861.41,299796.91,65051.0,90150.0,11.55,20.65,79.67,38.58,147.82,9.1
26039,Crawford County,MI,76825.63,170888.03,40907.0,57605.0,8.45,18.42,122.44,40.82,206.81,9.96
26041,Delta County,MI,107769.28,175344.93,43020.0,59827.0,11.28,18.2,62.7,39.07,124.42,6.92
26043,Dickinson County,MI,98944.07,166569.0,47616.0,69360.0,9.35,14.91,68.35,45.67,132.2,5.56
26045,Eaton County,MI,138030.63,249574.98,56760.0,80080.0,10.95,19.35,80.81,41.09,149.4,8.4
26047,Emmet County,MI,219687.35,418410.11,49774.0,79295.0,19.87,32.76,90.46,59.31,162.7,12.89
26049,Genesee County,MI,79433.34,182969.92,44181.0,63828.0,8.09,17.8,130.34,44.47,217.72,9.7
26051,Gladwin County,MI,90628.24,167877.87,40746.0,56272.0,10.01,18.52,85.24,38.1,155.5,8.51
26053,Gogebic County,MI,79082.45,121264.59,38416.0,53013.0,9.27,14.2,53.34,38.0,111.5,4.94
26055,Grand Traverse County,MI,186466.47,399899.26,54874.0,82515.0,15.29,30.09,114.46,50.37,195.81,14.79
26057,Gratiot County,MI,104764.7,168057.12,42800.0,64157.0,11.02,16.26,60.41,49.9,121.26,5.24
26059,Hillsdale County,MI,110248.85,196160.05,46786.0,66118.0,10.61,18.42,77.92,41.32,145.42,7.81
26061,Houghton County,MI,119397.54,180863.01,41775.0,55547.0,12.86,20.21,51.48,32.97,108.94,7.35
26063,Huron County,MI,103194.99,196509.16,45917.0,61317.0,10.12,19.9,90.43,33.54,162.66,9.78
26065,Ingham County,MI,111428.2,210552.15,47470.0,66388.0,10.57,19.69,88.96,39.85,160.63,9.12
26067,Ionia County,MI,120454.46,242605.98,51013.0,75362.0,10.63,19.99,101.41,47.73,177.81,9.36
26069,Iosco County,MI,93119.72,167677.54,39874.0,58092.0,10.51,17.92,80.07,45.69,148.37,7.41
26071,Iron County,MI,88215.98,124584.62,36570.0,53519.0,10.86,14.45,41.23,46.35,94.8,3.59
26073,Isabella County,MI,132279.98,217473.0,41957.0,56734.0,14.19,23.8,64.4,35.22,126.77,9.61
26075,Jackson County,MI,115055.68,214835.91,50683.0,67303.0,10.22,19.82,86.72,32.79,157.55,9.6
26077,Kalamazoo County,MI,142242.33,262903.75,52252.0,72071.0,12.25,22.65,84.83,37.93,154.94,10.39
26079,Kalkaska County,MI,105894.91,235730.13,42829.0,71627.0,11.13,20.43,122.61,67.24,207.05,9.3
26081,Kent County,MI,157186.81,333550.89,54550.0,80768.0,12.97,25.64,112.2,48.06,192.69,12.67
26083,Keweenaw County,MI,133089.97,193708.29,40862.0,58613.0,14.66,20.52,45.55,43.44,100.76,5.86
26085,Lake County,MI,134910.54,149737.58,32971.0,48557.0,18.42,19.14,10.99,47.27,53.09,0.73
26087,Lapeer County,MI,146326.06,279678.15,57774.0,78002.0,11.4,22.26,91.13,35.01,163.63,10.86
26089,Leelanau County,MI,336325.94,642675.77,61397.0,96419.0,24.66,41.38,91.09,57.04,163.57,16.72
26091,Lenawee County,MI,121254.13,231819.84,49013.0,71849.0,11.13,20.03,91.19,46.59,163.71,8.9
26093,Livingston County,MI,219262.25,379190.02,76934.0,101995.0,12.83,23.08,72.94,32.57,138.54,10.25
26097,Mackinac County,MI,130591.79,209696.4,40091.0,60831.0,14.66,21.4,60.57,51.73,121.48,6.74
26099,Macomb County,MI,137036.62,258556.35,54939.0,77928.0,11.23,20.6,88.68,41.84,160.25,9.37
26101,Manistee County,MI,118478.0,235755.6,41811.0,62668.0,12.75,23.35,98.99,49.88,174.47,10.6
26103,Marquette County,MI,130714.91,228423.44,48108.0,67030.0,12.23,21.16,74.75,39.33,141.04,8.93
26105,Mason County,MI,158912.92,258255.27,43620.0,64623.0,16.4,24.81,62.51,48.15,124.16,8.41
26107,Mecosta County,MI,115468.19,218116.79,41755.0,62074.0,12.45,21.81,88.9,48.66,160.55,9.37
26109,Menominee County,MI,90086.53,171159.81,42591.0,58100.0,9.52,18.29,89.99,36.41,162.06,8.77
26111,Midland County,MI,132380.87,227429.98,59248.0,78615.0,10.06,17.96,71.8,32.69,136.97,7.9
26113,Missaukee County,MI,132090.63,219684.43,42836.0,66502.0,13.88,20.51,66.31,55.25,129.4,6.63
26115,Monroe County,MI,153471.05,249331.16,56161.0,76490.0,12.3,20.24,62.46,36.2,124.09,7.94
26117,Montcalm County,MI,112862.94,224832.46,41728.0,66100.0,12.17,21.12,99.21,58.41,174.77,8.94
26119,Montmorency County,MI,96828.72,176386.56,37153.0,51992.0,11.73,21.06,82.16,39.94,151.26,9.33
26121,Muskegon County,MI,102235.67,241027.9,46709.0,61598.0,9.85,24.29,135.76,31.88,225.18,14.44
26123,Newaygo County,MI,111353.47,239784.75,45086.0,66127.0,11.12,22.51,115.34,46.67,197.02,11.4
26125,Oakland County,MI,205237.64,353027.38,70150.0,99070.0,13.17,22.12,72.01,41.23,137.26,8.95
26127,Oceana County,MI,137475.16,248238.04,43211.0,60449.0,14.32,25.49,80.57,39.89,149.06,11.17
26129,Ogemaw County,MI,84328.4,164241.93,37057.0,55057.0,10.24,18.52,94.76,48.57,168.64,8.28
26131,Ontonagon County,MI,81940.35,129535.78,37508.0,52958.0,9.83,15.19,58.09,41.19,118.05,5.35
26133,Osceola County,MI,91989.42,183855.19,41782.0,54928.0,9.91,20.78,99.87,31.46,175.68,10.87
26135,Oscoda County,MI,111920.67,141956.22,36724.0,52462.0,13.72,16.8,26.84,42.85,74.95,3.08
26137,Otsego County,MI,130391.65,246509.87,50420.0,69981.0,11.64,21.87,89.05,38.8,160.77,10.23
26139,Ottawa County,MI,188361.69,367101.03,61429.0,89708.0,13.8,25.4,94.89,46.04,168.82,11.6
26141,Presque Isle County,MI,136984.45,190668.05,41658.0,59991.0,14.8,19.73,39.19,44.01,91.99,4.93
26143,Roscommon County,MI,78692.8,185033.64,38516.0,50727.0,9.2,22.65,135.13,31.7,224.33,13.45
26145,Saginaw County,MI,76666.04,157310.21,43344.0,61572.0,7.96,15.86,105.19,42.05,183.02,7.9
26147,Saint Clair County,MI,127011.04,245979.98,51183.0,71545.0,11.17,21.34,93.67,39.78,167.13,10.18
26149,Saint Joseph County,MI,113824.06,209091.66,46667.0,65096.0,10.98,19.94,83.7,39.49,153.38,8.96
26151,Sanilac County,MI,116446.38,208826.62,41861.0,58383.0,12.52,22.21,79.33,39.47,147.36,9.69
26153,Schoolcraft County,MI,111393.71,179421.48,36741.0,58519.0,13.65,19.03,61.07,59.27,122.17,5.39
26155,Shiawassee County,MI,101529.38,202773.09,50807.0,71235.0,8.99,17.67,99.72,40.21,175.48,8.68
26157,Tuscola County,MI,92513.76,171985.92,45800.0,62492.0,9.09,17.09,85.9,36.45,156.42,7.99
26159,Van Buren County,MI,151388.13,271606.04,47806.0,67463.0,14.25,24.99,79.41,41.12,147.46,10.74
26161,Washtenaw County,MI,245650.42,404759.31,62401.0,90907.0,17.72,27.64,64.77,45.68,127.27,9.92
26163,Wayne County,MI,75410.14,170789.88,41585.0,59484.0,8.16,17.82,126.48,43.04,212.39,9.66
27001,Aitkin County,MN,152505.4,259128.93,43817.0,62351.0,15.67,25.8,69.91,42.3,134.37,10.14
27003,Anoka County,MN,206829.38,363019.71,73276.0,100616.0,12.7,22.4,75.52,37.31,142.09,9.69
27005,Becker County,MN,195998.47,339293.83,54304.0,71821.0,16.24,29.33,73.11,32.26,138.77,13.08
27007,Beltrami County,MN,152137.31,256253.61,46031.0,63322.0,14.88,25.12,68.44,37.56,132.33,10.25
27009,Benton County,MN,161150.49,293305.71,52513.0,77562.0,13.81,23.48,82.01,47.7,151.05,9.66
27011,Big Stone County,MN,115765.43,178133.04,47583.0,69982.0,10.95,15.8,53.87,47.07,112.24,4.85
27013,Blue Earth County,MN,166258.63,285241.66,49664.0,72501.0,15.07,24.42,71.57,45.98,136.64,9.36
27015,Brown County,MN,134123.51,217155.89,56330.0,71234.0,10.72,18.93,61.91,26.46,123.32,8.21
27017,Carlton County,MN,159361.14,285170.42,54945.0,74613.0,13.05,23.73,78.95,35.8,146.82,10.67
27019,Carver County,MN,308634.65,481684.94,93857.0,128341.0,14.8,23.3,56.07,36.74,115.27,8.5
27021,Cass County,MN,163419.12,316067.67,47645.0,74471.0,15.44,26.35,93.41,56.3,166.77,10.91
27023,Chippewa County,MN,113936.59,204592.39,50896.0,70511.0,10.08,18.01,79.57,38.54,147.68,7.94
27025,Chisago County,MN,199904.91,377686.07,70036.0,100209.0,12.85,23.4,88.93,43.08,160.6,10.55
27027,Clay County,MN,198422.29,292348.24,60417.0,81226.0,14.78,22.34,47.34,34.44,103.22,7.56
27029,Clearwater County,MN,122268.34,209381.33,42689.0,65723.0,12.89,19.78,71.25,53.96,136.2,6.89
27031,Cook County,MN,237921.79,414349.35,50350.0,68087.0,21.27,37.78,74.15,35.23,140.21,16.51
27033,Cottonwood County,MN,87723.96,168784.86,49448.0,73902.0,7.98,14.18,92.4,49.45,165.39,6.19
27035,Crow Wing County,MN,196048.98,357534.07,50755.0,73595.0,17.39,30.16,82.37,45.0,151.55,12.77
27037,Dakota County,MN,239118.69,389123.29,77576.0,105495.0,13.87,22.9,62.73,35.99,124.46,9.03
27039,Dodge County,MN,163344.92,306579.28,65494.0,97714.0,11.23,19.48,87.69,49.2,158.88,8.25
27041,Douglas County,MN,191613.04,333744.8,56819.0,79503.0,15.18,26.06,74.18,39.92,140.24,10.88
27043,Faribault County,MN,84288.45,145244.0,52169.0,65607.0,7.27,13.74,72.32,25.76,137.68,6.47
27045,Fillmore County,MN,155573.52,278908.71,52170.0,77883.0,13.42,22.23,79.28,49.29,147.28,8.81
27047,Freeborn County,MN,93990.37,186319.87,47418.0,69863.0,8.92,16.56,98.23,47.33,173.43,7.64
27049,Goodhue County,MN,181139.45,309346.88,60285.0,84127.0,13.52,22.83,70.78,39.55,135.56,9.3
27051,Grant County,MN,114508.56,217102.81,50570.0,69963.0,10.19,19.26,89.6,38.35,161.51,9.07
27053,Hennepin County,MN,243424.55,383006.31,68902.0,95372.0,15.9,24.93,57.34,38.42,117.02,9.03
27055,Houston County,MN,165648.08,295156.78,56276.0,77735.0,13.25,23.57,78.18,38.13,145.77,10.32
27057,Hubbard County,MN,179765.37,308016.51,52841.0,72189.0,15.31,26.49,71.34,36.62,136.34,11.18
27059,Isanti County,MN,178571.61,331717.2,63134.0,92468.0,12.73,22.27,85.76,46.46,156.22,9.54
27061,Itasca County,MN,154958.7,243667.91,52064.0,71607.0,13.4,21.13,57.25,37.54,116.89,7.73
27063,Jackson County,MN,105750.49,202217.07,54001.0,79179.0,8.81,15.86,91.22,46.63,163.75,7.04
27065,Kanabec County,MN,126786.97,259816.59,48907.0,71812.0,11.67,22.46,104.92,46.83,182.66,10.79
27067,Kandiyohi County,MN,165277.5,273211.68,52597.0,76575.0,14.14,22.15,65.3,45.59,128.01,8.01
27071,Koochiching County,MN,99628.43,150594.47,46807.0,64165.0,9.58,14.57,51.16,37.08,108.49,4.99
27073,Lac Qui Parle County,MN,106751.45,191093.54,50764.0,72965.0,9.46,16.26,79.01,43.73,146.91,6.79
27075,Lake County,MN,136608.18,264433.24,53093.0,73427.0,11.58,22.36,93.57,38.3,167.0,10.78
27077,Lake of the Woods County,MN,135352.4,208408.18,46128.0,68245.0,13.21,18.96,53.97,47.95,112.38,5.75
27079,Le Sueur County,MN,189263.06,342119.85,62672.0,97422.0,13.59,21.8,80.76,55.45,149.33,8.21
27081,Lincoln County,MN,113491.64,187584.17,52164.0,67555.0,9.79,17.24,65.28,29.51,127.98,7.45
27083,Lyon County,MN,151305.34,204204.47,55051.0,75285.0,12.37,16.84,34.96,36.76,86.16,4.47
27085,McLeod County,MN,153431.2,281596.49,60549.0,81839.0,11.41,21.36,83.53,35.16,153.15,9.96
27091,Martin County,MN,115055.36,202240.38,48478.0,61311.0,10.68,20.48,75.78,26.47,142.45,9.8
27093,Meeker County,MN,150325.32,272096.26,58607.0,75367.0,11.54,22.41,81.0,28.6,149.66,10.87
27095,Mille Lacs County,MN,160738.85,300399.74,50633.0,76062.0,14.29,24.52,86.89,50.22,157.78,10.23
27097,Morrison County,MN,162157.9,295278.33,54245.0,71508.0,13.45,25.64,82.09,31.82,151.16,12.18
27099,Mower County,MN,95840.73,189863.53,50878.0,70499.0,8.48,16.72,98.1,38.56,173.25,8.24
27101,Murray County,MN,142236.2,218724.32,50378.0,73306.0,12.71,18.52,53.78,45.51,112.11,5.82
27103,Nicollet County,MN,176394.02,291428.88,58839.0,82044.0,13.49,22.05,65.21,39.44,127.88,8.56
27105,Nobles County,MN,129245.28,219765.64,50100.0,70123.0,11.61,19.46,70.04,39.97,134.54,7.85
27109,Olmsted County,MN,189492.06,335123.27,70063.0,94129.0,12.17,22.1,76.85,34.35,143.94,9.93
27111,Otter Tail County,MN,170249.33,310248.89,55357.0,71907.0,13.84,26.79,82.23,29.9,151.36,12.94
27113,Pennington County,MN,187867.05,209783.45,51341.0,72712.0,16.47,17.91,11.67,41.63,54.02,1.44
27115,Pine County,MN,117130.52,249667.64,46332.0,67872.0,11.38,22.84,113.15,46.49,194.01,11.46
27119,Polk County,MN,144596.09,230512.59,54270.0,75047.0,11.99,19.07,59.42,38.28,119.89,7.08
27121,Pope County,MN,185147.51,313137.64,53267.0,76823.0,15.64,25.3,69.13,44.22,133.28,9.66
27123,Ramsey County,MN,206167.28,335102.54,57299.0,78562.0,16.19,26.48,62.54,37.11,124.19,10.29
27127,Redwood County,MN,101257.51,168748.23,48520.0,66279.0,9.39,15.81,66.65,36.6,129.87,6.41
27129,Renville County,MN,96285.56,180306.97,56835.0,74186.0,7.63,15.09,87.26,30.53,158.3,7.46
27131,Rice County,MN,183907.47,333506.63,59863.0,83933.0,13.83,24.67,81.34,40.21,150.13,10.84
27133,Rock County,MN,136238.05,247341.92,55462.0,77403.0,11.06,19.84,81.55,39.56,150.42,8.78
27135,Roseau County,MN,124011.04,221877.74,54416.0,76342.0,10.26,18.04,78.92,40.29,146.78,7.79
27137,Saint Louis County,MN,139520.91,236322.0,50141.0,69200.0,12.52,21.2,69.38,38.01,133.63,8.68
27139,Scott County,MN,269570.21,433920.42,92898.0,121666.0,13.06,22.14,60.97,30.97,122.03,9.08
27141,Sherburne County,MN,204921.24,380419.98,79495.0,110997.0,11.6,21.28,85.64,39.63,156.06,9.67
27143,Sibley County,MN,171479.95,269415.97,57052.0,79069.0,13.53,21.15,57.11,38.59,116.71,7.63
27145,Stearns County,MN,167205.98,294046.04,55244.0,76793.0,13.62,23.77,75.86,39.01,142.57,10.15
27149,Stevens County,MN,136820.81,196266.18,54323.0,73103.0,11.34,16.67,43.45,34.57,97.86,5.33
27151,Swift County,MN,106504.42,183238.58,47130.0,65656.0,10.17,17.33,72.05,39.31,137.31,7.16
27153,Todd County,MN,143551.7,259904.46,48840.0,70856.0,13.23,22.77,81.05,45.08,149.73,9.54
27155,Traverse County,MN,103292.27,128822.36,46764.0,68666.0,9.94,11.65,24.72,46.84,72.02,1.71
27157,Wabasha County,MN,165566.19,290317.46,57873.0,81105.0,12.88,22.22,75.35,40.14,141.86,9.35
27159,Wadena County,MN,114003.23,215846.86,45597.0,61394.0,11.25,21.83,89.33,34.64,161.15,10.57
27161,Waseca County,MN,139975.33,245826.27,54495.0,79832.0,11.56,19.12,75.62,46.49,142.24,7.56
27163,Washington County,MN,269776.25,434719.81,88329.0,113057.0,13.75,23.87,61.14,28.0,122.26,10.12
27165,Watonwan County,MN,73076.98,158063.14,48044.0,71892.0,6.85,13.65,116.3,49.64,198.34,6.8
27167,Wilkin County,MN,113112.87,205467.29,56583.0,80591.0,9.0,15.83,81.65,42.43,150.55,6.83
27169,Winona County,MN,156342.07,260990.23,54367.0,74003.0,12.94,21.89,66.94,36.12,130.26,8.95
27171,Wright County,MN,224373.8,386269.81,76407.0,102130.0,13.22,23.48,72.15,33.67,137.46,10.26
27173,Yellow Medicine County,MN,101219.56,161995.5,51569.0,80444.0,8.83,12.5,60.04,55.99,120.75,3.67
28001,Adams County,MS,120692.64,133361.11,32673.0,45515.0,16.63,18.19,10.5,39.3,52.41,1.56
28003,Alcorn County,MS,112925.03,158949.03,41383.0,54635.0,12.28,18.06,40.76,32.02,94.15,5.78
28029,Copiah County,MS,84809.14,128218.39,34723.0,52118.0,10.99,15.27,51.18,50.1,108.53,4.28
28031,Covington County,MS,113646.98,167378.54,36206.0,51171.0,14.13,20.31,47.28,41.33,103.15,6.18
28033,DeSoto County,MS,168882.52,298414.31,60610.0,85117.0,12.54,21.77,76.7,40.43,143.72,9.22
28035,Forrest County,MS,132938.86,183574.25,35198.0,49352.0,17.0,23.09,38.09,40.21,90.47,6.09
28039,George County,MS,130860.42,200782.42,48212.0,66266.0,12.22,18.81,53.43,37.45,111.63,6.59
28041,Greene County,MS,95145.81,127693.76,42699.0,56231.0,10.03,14.1,34.21,31.69,85.12,4.07
28045,Hancock County,MS,132975.83,237295.33,45911.0,62485.0,13.04,23.58,78.45,36.1,146.14,10.54
28047,Harrison County,MS,131300.21,223304.86,42370.0,63362.0,13.95,21.88,70.07,49.54,134.58,7.93
28049,Hinds County,MS,87390.62,123193.42,39158.0,51926.0,10.04,14.73,40.97,32.61,94.44,4.68
28059,Jackson County,MS,120689.43,206672.73,46339.0,69544.0,11.72,18.45,71.24,50.08,136.2,6.73
28065,Jefferson Davis County,MS,84763.17,89970.14,28845.0,41586.0,13.23,13.43,6.14,44.17,46.41,0.2
28067,Jones County,MS,125746.76,165966.5,36413.0,53046.0,15.54,19.42,31.98,45.68,82.05,3.88
28071,Lafayette County,MS,209713.31,363741.05,43435.0,67571.0,21.73,33.42,73.45,55.57,139.24,11.69
28075,Lauderdale County,MS,116290.89,122789.95,38334.0,56828.0,13.65,13.41,5.59,48.24,45.64,-0.24
28077,Lawrence County,MS,110915.23,125762.14,39460.0,52187.0,12.65,14.96,13.39,32.25,56.4,2.31
28079,Leake County,MS,111670.68,144736.34,35804.0,57130.0,14.04,15.73,29.61,59.56,78.77,1.69
28081,Lee County,MS,127500.27,190905.52,43098.0,61826.0,13.32,19.17,49.73,43.45,106.52,5.85
28083,Leflore County,MS,57702.12,81602.52,26520.0,39033.0,9.79,12.98,41.42,47.18,95.06,3.19
28085,Lincoln County,MS,114366.96,168261.15,40627.0,57959.0,12.67,18.02,47.12,42.66,102.93,5.35
28087,Lowndes County,MS,130285.8,178336.83,41880.0,56293.0,14.0,19.67,36.88,34.41,88.8,5.67
28089,Madison County,MS,217560.33,323304.11,67482.0,90259.0,14.51,22.24,48.6,33.75,104.97,7.73
28091,Marion County,MS,110117.02,135014.32,34742.0,49639.0,14.27,16.89,22.61,42.88,69.12,2.62
28093,Marshall County,MS,127924.58,214213.83,38006.0,54244.0,15.15,24.52,67.45,42.72,130.97,9.37
28099,Neshoba County,MS,116944.32,151549.56,38068.0,59316.0,13.83,15.86,29.59,55.82,78.75,2.03
28101,Newton County,MS,108134.13,156577.31,36991.0,49159.0,13.16,19.77,44.8,32.89,99.72,6.62
28105,Oktibbeha County,MS,186792.06,263181.67,38011.0,54391.0,22.12,30.04,40.9,43.09,94.34,7.92
28107,Panola County,MS,116409.35,187535.25,35517.0,51437.0,14.75,22.63,61.1,44.82,122.21,7.88
28109,Pearl River County,MS,123025.54,185451.01,43420.0,56958.0,12.75,20.21,50.74,31.18,107.92,7.46
28113,Pike County,MS,94827.09,100436.13,31976.0,46164.0,13.35,13.51,5.92,44.37,46.09,0.16
28121,Rankin County,MS,165268.91,258661.23,58426.0,84139.0,12.73,19.09,56.51,44.01,115.88,6.35
28123,Scott County,MS,89482.31,117456.84,34469.0,52147.0,11.68,13.98,31.26,51.29,81.05,2.3
28127,Simpson County,MS,128461.38,155080.04,37742.0,55167.0,15.32,17.45,20.72,46.17,66.51,2.13
28129,Smith County,MS,117381.77,159779.25,40637.0,57932.0,13.0,17.12,36.12,42.56,87.75,4.12
28131,Stone County,MS,121783.74,190339.54,42295.0,62350.0,12.96,18.95,56.29,47.42,115.58,5.99
28137,Tate County,MS,132003.69,232088.98,43376.0,68786.0,13.7,20.95,75.82,58.58,142.51,7.25
28141,Tishomingo County,MS,121716.85,187975.17,37740.0,56250.0,14.52,20.75,54.44,49.05,113.02,6.23
28149,Warren County,MS,121460.47,147645.45,40465.0,60686.0,13.51,15.1,21.56,49.97,67.67,1.59
28163,Yazoo County,MS,97537.04,101331.46,34218.0,45496.0,12.83,13.83,3.89,32.96,43.3,1.0
29001,Adair County,MO,123170.48,178878.14,40222.0,58548.0,13.78,18.97,45.23,45.56,100.32,5.18
29003,Andrew County,MO,146285.29,255538.08,58675.0,78305.0,11.22,20.26,74.68,33.46,140.95,9.04
29007,Audrain County,MO,93024.09,163897.83,42480.0,59562.0,9.86,17.08,76.19,40.21,143.02,7.23
29009,Barry County,MO,108225.75,224948.78,37467.0,61057.0,13.0,22.87,107.85,62.96,186.69,9.87
29013,Bates County,MO,112335.11,215735.63,45887.0,66501.0,11.02,20.14,92.05,44.92,164.89,9.12
29015,Benton County,MO,101226.63,179617.76,34156.0,49634.0,13.34,22.47,77.44,45.32,144.75,9.13
29019,Boone County,MO,177407.26,310620.28,50865.0,80041.0,15.7,24.09,75.09,57.36,141.5,8.39
29021,Buchanan County,MO,115084.22,173434.86,48294.0,63736.0,10.73,16.89,50.7,31.97,107.87,6.17
29023,Butler County,MO,113910.36,151386.96,35509.0,48191.0,14.44,19.5,32.9,35.71,83.31,5.06
29025,Caldwell County,MO,96559.65,218249.55,44470.0,65282.0,9.77,20.75,126.03,46.8,211.76,10.98
29027,Callaway County,MO,143512.98,245823.74,50514.0,71868.0,12.79,21.23,71.29,42.27,136.26,8.45
29029,Camden County,MO,199752.21,332630.15,49393.0,68312.0,18.2,30.23,66.52,38.3,129.69,12.03
29031,Cape Girardeau County,MO,141144.35,224847.01,49615.0,66862.0,12.8,20.88,59.3,34.76,119.73,8.07
29033,Carroll County,MO,77983.43,163514.14,43638.0,64304.0,8.04,15.79,109.68,47.36,189.21,7.74
29037,Cass County,MO,164996.81,316461.94,62996.0,83378.0,11.79,23.56,91.8,32.35,164.55,11.77
29039,Cedar County,MO,110092.98,206640.82,37654.0,53079.0,13.16,24.17,87.7,40.97,158.89,11.01
29043,Christian County,MO,159107.13,306964.25,54044.0,81892.0,13.25,23.27,92.93,51.53,166.11,10.02
29047,Clay County,MO,158439.82,309690.82,65106.0,88044.0,10.95,21.84,95.46,35.23,169.61,10.88
29049,Clinton County,MO,130667.7,264912.25,59655.0,78703.0,9.86,20.9,102.74,31.93,179.64,11.04
29051,Cole County,MO,140806.89,255893.38,56393.0,75881.0,11.24,20.94,81.73,34.56,150.67,9.7
29053,Cooper County,MO,128274.11,233054.05,46632.0,73980.0,12.38,19.56,81.68,58.65,150.6,7.18
29055,Crawford County,MO,125224.69,199837.29,38491.0,59081.0,14.64,21.0,59.58,53.49,120.12,6.36
29057,Dade County,MO,97697.64,181372.4,38516.0,56747.0,11.42,19.84,85.65,47.33,156.07,8.43
29059,Dallas County,MO,108579.22,226692.43,37780.0,53767.0,12.94,26.17,108.78,42.32,187.98,13.24
29061,Daviess County,MO,110548.9,240272.1,43135.0,63306.0,11.54,23.56,117.34,46.76,199.79,12.03
29063,DeKalb County,MO,131955.92,221829.77,44429.0,64148.0,13.37,21.47,68.11,44.38,131.88,8.1
29067,Douglas County,MO,95493.39,215346.33,32979.0,47781.0,13.03,27.98,125.51,44.88,211.05,14.95
29069,Dunklin County,MO,81595.37,87811.94,31920.0,47022.0,11.51,11.59,7.62,47.31,48.44,0.09
29077,Greene County,MO,121180.87,249553.32,43885.0,66286.0,12.43,23.37,105.93,51.04,184.05,10.94
29079,Grundy County,MO,69542.93,111475.64,38763.0,52924.0,8.07,13.08,60.3,36.53,121.1,5.0
29081,Harrison County,MO,70652.35,122762.57,38005.0,55569.0,8.37,13.71,73.76,46.21,139.66,5.35
29089,Howard County,MO,111036.2,204545.4,44634.0,60980.0,11.2,20.82,84.22,36.62,154.09,9.63
29095,Jackson County,MO,110796.79,242845.69,48364.0,70661.0,10.31,21.34,119.18,46.1,202.32,11.02
29097,Jasper County,MO,119856.48,206759.24,43724.0,62016.0,12.34,20.7,72.51,41.84,137.94,8.36
29099,Jefferson County,MO,168477.63,274265.51,58747.0,86073.0,12.91,19.78,62.79,46.51,124.54,6.87
29101,Johnson County,MO,153064.11,268332.44,44109.0,68188.0,15.62,24.43,75.31,54.59,141.8,8.81
29105,Laclede County,MO,122822.1,221421.74,40741.0,58327.0,13.57,23.57,80.28,43.17,148.66,10.0
29107,Lafayette County,MO,104900.12,214211.73,50325.0,74488.0,9.38,17.85,104.21,48.01,181.66,8.47
29109,Lawrence County,MO,98208.11,200337.51,41619.0,62434.0,10.62,19.92,103.99,50.01,181.37,9.3
29113,Lincoln County,MO,153533.39,290573.96,54584.0,93517.0,12.66,19.29,89.26,71.33,161.05,6.63
29115,Linn County,MO,69787.12,131697.71,39618.0,57520.0,7.93,14.21,88.71,45.19,160.3,6.29
29117,Livingston County,MO,109380.38,174905.59,40808.0,62122.0,12.06,17.48,59.91,52.23,120.56,5.42
29119,McDonald County,MO,115337.55,212523.46,37939.0,54502.0,13.68,24.21,84.26,43.66,154.16,10.52
29121,Macon County,MO,105974.46,184942.83,41080.0,60822.0,11.61,18.88,74.52,48.06,140.71,7.27
29127,Marion County,MO,109408.47,174936.54,41297.0,59490.0,11.92,18.26,59.89,44.05,120.54,6.33
29131,Miller County,MO,134019.08,248356.54,40077.0,64343.0,15.05,23.96,85.31,60.55,155.61,8.91
29135,Moniteau County,MO,122494.34,216713.13,50525.0,69870.0,10.91,19.26,76.92,38.29,144.02,8.34
29137,Monroe County,MO,121660.23,188303.45,44048.0,63949.0,12.43,18.28,54.78,45.18,113.49,5.85
29143,New Madrid County,MO,50510.26,100046.64,36386.0,53120.0,6.25,11.69,98.07,45.99,173.2,5.44
29145,Newton County,MO,106340.41,228501.0,46125.0,66231.0,10.38,21.42,114.88,43.59,196.38,11.04
29147,Nodaway County,MO,130526.91,210332.81,44119.0,63242.0,13.32,20.65,61.14,43.34,122.27,7.33
29151,Osage County,MO,128988.82,256657.37,55962.0,79468.0,10.37,20.05,98.98,42.0,174.45,9.68
29155,Pemiscot County,MO,82602.4,90132.49,29621.0,43377.0,12.55,12.9,9.12,46.44,50.51,0.35
29157,Perry County,MO,120264.32,209560.41,47226.0,69940.0,11.46,18.6,74.25,48.1,140.35,7.14
29159,Pettis County,MO,84328.55,177645.24,42137.0,60038.0,9.01,18.37,110.66,42.48,190.57,9.36
29165,Platte County,MO,214883.19,381168.43,72548.0,92305.0,13.33,25.64,77.38,27.23,144.67,12.3
29167,Polk County,MO,126873.75,261524.5,41326.0,60993.0,13.82,26.62,106.13,47.59,184.32,12.8
29169,Pulaski County,MO,132783.88,208025.59,46756.0,59368.0,12.78,21.75,56.66,26.97,116.09,8.97
29173,Ralls County,MO,133536.56,239760.02,51015.0,80041.0,11.78,18.6,79.55,56.9,147.65,6.81
29175,Randolph County,MO,89307.59,163812.06,39976.0,61452.0,10.06,16.55,83.42,53.72,153.0,6.49
29177,Ray County,MO,107630.39,239128.63,54361.0,76920.0,8.91,19.3,122.18,41.5,206.45,10.39
29183,Saint Charles County,MO,204288.1,362710.98,74009.0,103890.0,12.42,21.67,77.55,40.37,144.9,9.25
29185,Saint Clair County,MO,96134.52,194178.48,35128.0,58334.0,12.32,20.67,101.99,66.06,178.6,8.35
29187,Saint Francois County,MO,97056.47,184827.71,41222.0,58563.0,10.6,19.59,90.43,42.07,162.67,9.0
29189,Saint Louis County,MO,160090.84,277855.89,61569.0,84109.0,11.7,20.51,73.56,36.61,139.4,8.81
29195,Saline County,MO,136554.86,170368.07,41958.0,60641.0,14.65,17.44,24.76,44.53,72.09,2.79
29205,Shelby County,MO,107338.53,163816.4,41696.0,55114.0,11.59,18.45,52.62,32.18,110.51,6.87
29209,Stone County,MO,163585.68,317094.65,42186.0,64377.0,17.45,30.58,93.84,52.6,167.37,13.13
29213,Taney County,MO,127089.48,254660.3,39320.0,57978.0,14.55,27.27,100.38,47.45,176.39,12.72
29215,Texas County,MO,97034.59,187562.87,34935.0,49849.0,12.5,23.36,93.29,42.69,166.62,10.86
29219,Warren County,MO,188089.1,317199.72,51933.0,85698.0,16.3,22.98,68.64,65.02,132.61,6.68
29221,Washington County,MO,81171.35,178254.98,37986.0,54645.0,9.62,20.25,119.6,43.86,202.9,10.63
29225,Webster County,MO,131499.35,256199.15,43418.0,65325.0,13.63,24.35,94.83,50.46,168.73,10.72
29510,Saint Louis City,MO,104058.38,182027.08,37948.0,53962.0,12.34,20.94,74.93,42.2,141.28,8.6
30001,Beaverhead County,MT,182034.3,380927.4,41083.0,65999.0,19.94,35.83,109.26,60.65,188.64,15.89
30007,Broadwater County,MT,201091.35,518133.64,51360.0,91182.0,17.62,35.28,157.66,77.54,255.4,17.65
30013,Cascade County,MT,168326.34,311467.52,45597.0,63905.0,16.62,30.26,85.04,40.15,155.23,13.64
30015,Chouteau County,MT,123770.48,253719.92,40280.0,62944.0,13.83,25.02,104.99,56.27,182.75,11.19
30023,Deer Lodge County,MT,101129.66,281509.33,37979.0,63310.0,11.98,27.6,178.36,66.7,283.95,15.62
30029,Flathead County,MT,266737.9,644726.99,48063.0,76444.0,24.98,52.36,141.71,59.05,233.39,27.38
30031,Gallatin County,MT,311760.81,715182.11,57358.0,100953.0,24.46,43.98,129.4,76.01,216.42,19.52
30039,Granite County,MT,183509.99,443097.87,43470.0,66105.0,19.0,41.61,141.46,52.07,233.05,22.61
30041,Hill County,MT,118323.83,213886.8,44178.0,63163.0,12.05,21.02,80.76,42.97,149.33,8.97
30043,Jefferson County,MT,219115.97,498601.71,62508.0,95295.0,15.78,32.48,127.55,52.45,213.87,16.7
30047,Lake County,MT,259432.51,592520.44,39383.0,61452.0,29.65,59.86,128.39,56.04,215.02,30.21
30049,Lewis and Clark County,MT,219106.77,445549.89,56755.0,85284.0,17.38,32.43,103.35,50.27,180.48,15.06
30053,Lincoln County,MT,180970.75,417964.48,37281.0,55573.0,21.85,46.69,130.96,49.07,218.56,24.84
30061,Mineral County,MT,164883.48,397696.06,39584.0,61150.0,18.75,40.38,141.2,54.48,232.69,21.63
30063,Missoula County,MT,262981.81,567248.4,44998.0,76277.0,26.3,46.17,115.7,69.51,197.52,19.86
30067,Park County,MT,258667.06,578712.28,45642.0,73761.0,25.51,48.71,123.73,61.61,208.59,23.2
30073,Pondera County,MT,118208.1,233490.92,41168.0,63135.0,12.92,22.96,97.53,53.36,172.45,10.04
30077,Powell County,MT,140236.03,308260.58,42755.0,65069.0,14.76,29.41,119.82,52.19,203.2,14.65
30081,Ravalli County,MT,249916.96,595738.26,48468.0,72460.0,23.21,51.04,138.37,49.5,228.79,27.83
30089,Sanders County,MT,179407.32,433737.23,36564.0,59864.0,22.08,44.98,141.76,63.72,233.47,22.9
30093,Silver Bow County,MT,111988.49,273846.78,42658.0,65459.0,11.82,25.97,144.53,53.45,237.29,14.16
30095,Stillwater County,MT,203300.21,433287.32,60052.0,85796.0,15.24,31.35,113.13,42.87,193.97,16.12
30097,Sweet Grass County,MT,171328.75,402440.02,48361.0,73627.0,15.95,33.93,134.89,52.24,223.99,17.99
30099,Teton County,MT,150013.28,318001.64,47598.0,64349.0,14.19,30.68,111.98,35.19,192.39,16.49
30111,Yellowstone County,MT,238960.68,393740.39,57326.0,77321.0,18.76,31.61,64.77,34.88,127.27,12.85
31001,Adams County,NE,117853.83,202074.77,48579.0,74092.0,10.92,16.93,71.46,52.52,136.5,6.01
31019,Buffalo County,NE,177798.1,277935.49,55813.0,75364.0,14.34,22.9,56.32,35.03,115.62,8.56
31021,Burt County,NE,83942.37,172959.67,49792.0,71088.0,7.59,15.1,106.05,42.77,184.2,7.52
31023,Butler County,NE,104842.39,210074.81,55542.0,80401.0,8.5,16.22,100.37,44.76,176.38,7.72
31025,Cass County,NE,159237.49,292009.39,66519.0,92296.0,10.77,19.64,83.38,38.75,152.94,8.87
31037,Colfax County,NE,102999.48,209007.38,50744.0,74226.0,9.14,17.48,102.92,46.28,179.89,8.35
31039,Cuming County,NE,117992.52,238585.85,56995.0,74666.0,9.32,19.84,102.2,31.0,178.9,10.52
31043,Dakota County,NE,123748.65,222683.06,49093.0,75195.0,11.35,18.38,79.95,53.17,148.21,7.04
31047,Dawson County,NE,113666.63,195409.31,47991.0,73090.0,10.66,16.6,71.91,52.3,137.12,5.94
31053,Dodge County,NE,114627.81,227685.25,48969.0,70530.0,10.54,20.04,98.63,44.03,173.97,9.51
31055,Douglas County,NE,152279.53,291760.32,58405.0,80742.0,11.74,22.43,91.6,38.25,164.27,10.7
31063,Frontier County,NE,97876.69,167628.33,50700.0,66591.0,8.69,15.63,71.26,31.34,136.23,6.94
31067,Gage County,NE,101889.39,186359.5,50746.0,74705.0,9.04,15.49,82.9,47.21,152.28,6.45
31079,Hall County,NE,141395.95,245760.21,50093.0,71025.0,12.7,21.48,73.81,41.79,139.74,8.78
31081,Hamilton County,NE,138168.49,267981.27,65103.0,85288.0,9.55,19.51,93.95,31.0,167.52,9.95
31095,Jefferson County,NE,73414.34,138924.51,46812.0,63621.0,7.06,13.56,89.23,35.91,161.01,6.5
31099,Kearney County,NE,137404.19,221838.72,50645.0,82540.0,12.21,16.69,61.45,62.98,122.69,4.47
31101,Keith County,NE,118674.96,223294.85,46888.0,63394.0,11.39,21.87,88.16,35.2,159.53,10.48
31109,Lancaster County,NE,160975.66,285358.82,54422.0,76062.0,13.31,23.29,77.27,39.76,144.51,9.98
31111,Lincoln County,NE,131019.88,204264.49,53856.0,69128.0,10.95,18.34,55.9,28.36,115.04,7.39
31119,Madison County,NE,134033.48,236278.15,51330.0,69056.0,11.75,21.24,76.28,34.53,143.15,9.49
31121,Merrick County,NE,114028.18,203690.75,51219.0,73291.0,10.02,17.25,78.63,43.09,146.39,7.23
31131,Otoe County,NE,124431.3,223727.28,53015.0,81191.0,10.56,17.11,79.8,53.15,148.0,6.54
31133,Pawnee County,NE,103425.0,169977.05,43646.0,62600.0,10.67,16.86,64.35,43.43,126.69,6.19
31137,Phelps County,NE,129969.38,202777.15,55566.0,78735.0,10.53,15.99,56.02,41.7,115.2,5.46
31139,Pierce County,NE,134660.11,242183.62,56744.0,85583.0,10.68,17.57,79.85,50.82,148.07,6.89
31141,Platte County,NE,141144.38,260079.02,58554.0,74367.0,10.85,21.71,84.26,27.01,154.16,10.86
31145,Red Willow County,NE,96142.79,168843.93,49308.0,66951.0,8.78,15.66,75.62,35.78,142.23,6.88
31151,Saline County,NE,91160.38,194791.66,55850.0,80352.0,7.35,15.05,113.68,43.87,194.73,7.7
31153,Sarpy County,NE,194850.48,348312.2,73856.0,102043.0,11.87,21.19,78.76,38.16,146.57,9.32
31155,Saunders County,NE,175930.65,330732.63,61025.0,90988.0,12.98,22.57,87.99,49.1,159.3,9.59
31157,Scotts Bluff County,NE,115520.68,179926.27,43428.0,64569.0,11.97,17.3,55.75,48.68,114.83,5.33
31159,Seward County,NE,163712.78,284898.65,62455.0,82422.0,11.8,21.46,74.02,31.97,140.03,9.66
31167,Stanton County,NE,133395.73,243592.68,56423.0,78313.0,10.64,19.31,82.61,38.8,151.88,8.67
31177,Washington County,NE,202863.1,380971.12,68435.0,97167.0,13.34,24.34,87.8,41.98,159.03,11.0
31179,Wayne County,NE,128456.34,223539.39,54503.0,70905.0,10.61,19.57,74.02,30.09,140.03,8.96
31181,Webster County,NE,78365.59,139084.21,40444.0,61235.0,8.72,14.1,77.48,51.41,144.8,5.38
32001,Churchill County,NV,163358.47,371412.87,54134.0,75479.0,13.58,30.55,127.36,39.43,213.6,16.97
32003,Clark County,NV,204621.03,435994.66,51624.0,80047.0,17.84,33.81,113.07,55.06,193.9,15.97
32005,Douglas County,NV,349317.11,677581.92,63620.0,101862.0,24.71,41.3,93.97,60.11,167.55,16.58
32007,Elko County,NV,243733.68,354535.55,76518.0,91128.0,14.34,24.15,45.46,19.09,100.64,9.82
32011,Eureka County,NV,131479.45,145556.83,65459.0,82162.0,9.04,11.0,10.71,25.52,52.7,1.96
32015,Lander County,NV,145565.45,246608.01,76713.0,92510.0,8.54,16.55,69.41,20.59,133.68,8.01
32017,Lincoln County,NV,140174.75,228098.83,51788.0,72249.0,12.18,19.6,62.72,39.51,124.45,7.42
32019,Lyon County,NV,176671.74,406957.88,51934.0,77802.0,15.31,32.47,130.35,49.81,217.72,17.16
32021,Mineral County,NV,85122.64,141604.53,42164.0,58610.0,9.09,15.0,66.35,39.0,129.45,5.91
32023,Nye County,NV,146961.2,345743.17,43819.0,65910.0,15.1,32.57,135.26,50.41,224.5,17.47
32027,Pershing County,NV,100779.77,233335.01,54416.0,68559.0,8.34,21.13,131.53,25.99,219.35,12.79
32029,Storey County,NV,234601.38,490085.02,61594.0,92548.0,17.14,32.88,108.9,50.25,188.14,15.73
32031,Washoe County,NV,272702.09,561127.2,56457.0,91178.0,21.74,38.21,105.77,61.5,183.82,16.47
32033,White Pine County,NV,120824.77,191307.57,54975.0,71474.0,9.89,16.62,58.33,30.01,118.39,6.72
32510,Carson City,NV,216784.17,484551.94,47015.0,72143.0,20.75,41.7,123.52,53.45,208.3,20.94
33001,Belknap County,NH,217709.97,488616.62,63377.0,88870.0,15.46,34.13,124.43,40.22,209.57,18.67
33005,Cheshire County,NH,178266.18,363802.69,60339.0,81728.0,13.3,27.63,104.08,35.45,181.49,14.34
33007,Coos County,NH,105750.71,250686.84,40286.0,59499.0,11.81,26.16,137.05,47.69,226.97,14.34
33009,Grafton County,NH,193418.13,408726.68,57827.0,85260.0,15.05,29.76,111.32,47.44,191.47,14.71
33011,Hillsborough County,NH,242498.69,500110.13,73474.0,105060.0,14.86,29.55,106.23,42.99,184.46,14.7
33013,Merrimack County,NH,221864.03,463092.02,68148.0,95305.0,14.65,30.17,108.73,39.85,187.9,15.51
33015,Rockingham County,NH,293625.92,598624.04,87103.0,119559.0,15.17,31.08,103.87,37.26,181.21,15.91
33017,Strafford County,NH,222102.73,476966.27,60931.0,82816.0,16.41,35.75,114.75,35.92,196.21,19.35
33019,Sullivan County,NH,175197.64,367074.38,53804.0,88661.0,14.66,25.7,109.52,64.79,189.0,11.05
34001,Atlantic County,NJ,191617.74,354444.12,53296.0,74693.0,16.18,29.46,84.97,40.15,155.14,13.28
34003,Bergen County,NJ,468834.28,709933.74,88512.0,121894.0,23.84,36.16,51.43,37.71,108.86,12.32
34005,Burlington County,NJ,229347.25,402237.12,74844.0,106525.0,13.79,23.44,75.38,42.33,141.91,9.65
34007,Camden County,NJ,172447.07,330710.97,63589.0,91411.0,12.21,22.46,91.78,43.75,164.52,10.25
34009,Cape May County,NJ,377207.18,724577.61,55632.0,91758.0,30.52,49.02,92.09,64.94,164.95,18.51
34011,Cumberland County,NJ,153463.9,264978.26,50259.0,66986.0,13.74,24.56,72.66,33.28,138.16,10.81
34013,Essex County,NJ,356804.27,618958.46,52206.0,84900.0,30.76,45.26,73.47,62.62,139.27,14.5
34015,Gloucester County,NJ,206251.99,359748.98,76780.0,104403.0,12.09,21.39,74.42,35.98,140.58,9.3
34017,Hudson County,NJ,367731.62,623957.77,60053.0,93468.0,27.56,41.44,69.68,55.64,134.04,13.88
34019,Hunterdon County,NJ,406824.68,605653.68,102797.0,136956.0,17.81,27.45,48.87,33.23,105.34,9.64
34021,Mercer County,NJ,247029.77,434663.72,72172.0,102760.0,15.41,26.26,75.96,42.38,142.7,10.85
34023,Middlesex County,NJ,320649.61,540901.0,78249.0,113828.0,18.44,29.5,68.69,45.47,132.68,11.06
34027,Morris County,NJ,442145.09,663352.59,101754.0,137213.0,19.56,30.01,50.03,34.85,106.94,10.46
34029,Ocean County,NJ,264646.29,507093.6,63478.0,94954.0,18.76,33.15,91.61,49.59,164.29,14.39
34031,Passaic County,NJ,309224.49,551974.79,55723.0,85224.0,24.98,40.21,78.5,52.94,146.21,15.23
34033,Salem County,NJ,167021.75,284528.16,63988.0,81009.0,11.75,21.8,70.35,26.6,134.97,10.06
34035,Somerset County,NJ,409267.81,635369.74,99059.0,134499.0,18.6,29.33,55.25,35.78,114.13,10.73
34037,Sussex County,NJ,234356.05,419694.39,84431.0,114993.0,12.49,22.66,79.08,36.2,147.01,10.16
34039,Union County,NJ,346073.5,601660.33,70581.0,101023.0,22.07,36.97,73.85,43.13,139.8,14.9
34041,Warren County,NJ,242190.35,406039.19,71672.0,94865.0,15.21,26.57,67.65,32.36,131.25,11.36
35001,Bernalillo County,NM,177640.68,339079.65,47870.0,72986.0,16.7,28.84,90.88,52.47,163.28,12.14
35005,Chaves County,NM,121574.91,172909.24,39265.0,55258.0,13.94,19.43,42.22,40.73,96.17,5.49
35007,Colfax County,NM,171452.59,250569.96,37269.0,55466.0,20.71,28.05,46.15,48.83,101.58,7.34
35013,Dona Ana County,NM,166752.32,288148.09,39421.0,60154.0,19.04,29.74,72.8,52.59,138.35,10.7
35017,Grant County,NM,139642.38,217940.54,39792.0,49111.0,15.79,27.55,56.07,23.42,115.27,11.76
35025,Lea County,NM,230692.82,195935.66,54686.0,73147.0,18.99,16.63,-15.07,33.76,17.15,-2.36
35027,Lincoln County,NM,258966.43,362616.09,40297.0,61803.0,28.92,36.42,40.02,53.37,93.14,7.5
35028,Los Alamos County,NM,251947.41,567427.8,107126.0,149062.0,10.59,23.63,125.22,39.15,210.65,13.05
35029,Luna County,NM,134593.09,161023.51,27151.0,41456.0,22.31,24.11,19.64,52.69,65.02,1.8
35031,McKinley County,NM,162814.69,216208.65,29040.0,45517.0,25.23,29.49,32.79,56.74,83.17,4.25
35037,Quay County,NM,76494.88,104919.2,29047.0,47346.0,11.85,13.76,37.16,63.0,89.19,1.9
35039,Rio Arriba County,NM,198756.14,317777.53,37319.0,62153.0,23.97,31.74,59.88,66.55,120.53,7.77
35041,Roosevelt County,NM,144183.53,144697.82,38053.0,53508.0,17.05,16.79,0.36,40.61,38.42,-0.27
35043,Sandoval County,NM,183352.45,368942.92,62833.0,90023.0,13.13,25.44,101.22,43.27,177.55,12.31
35045,San Juan County,NM,179167.37,254384.47,49173.0,64999.0,16.4,24.3,41.98,32.18,95.84,7.9
35047,San Miguel County,NM,161441.47,235043.85,32303.0,49553.0,22.49,29.45,45.59,53.4,100.82,6.95
35049,Santa Fe County,NM,296764.13,559733.54,55247.0,85540.0,24.18,40.62,88.61,54.83,160.16,16.45
35051,Sierra County,NM,129612.11,180267.39,29432.0,41829.0,19.82,26.75,39.08,42.12,91.84,6.93
35053,Socorro County,NM,170183.48,197729.5,33673.0,47105.0,22.75,26.06,16.19,39.89,60.26,3.31
35055,Taos County,NM,304824.54,467483.21,37092.0,52728.0,36.99,55.04,53.36,42.15,111.53,18.05
35057,Torrance County,NM,177785.22,212568.68,35950.0,56736.0,22.26,23.26,19.56,57.82,64.92,1.0
35061,Valencia County,NM,140629.1,301780.28,42395.0,69309.0,14.93,27.03,114.59,63.48,195.99,12.1
36001,Albany County,NY,213771.69,343344.81,57312.0,81237.0,16.79,26.24,60.61,41.75,121.54,9.45
36003,Allegany County,NY,72439.28,125495.62,44331.0,61154.0,7.35,12.74,73.24,37.95,138.96,5.39
36005,Bronx County,NY,405477.91,455329.03,35102.0,46486.0,51.99,60.81,12.29,32.43,54.89,8.82
36007,Broome County,NY,106672.32,183588.66,46067.0,64727.0,10.42,17.61,72.11,40.51,137.39,7.19
36009,Cattaraugus County,NY,86124.27,155550.32,40933.0,61376.0,9.47,15.73,80.61,49.94,149.12,6.26
36011,Cayuga County,NY,128050.08,220232.52,51925.0,67774.0,11.1,20.17,71.99,30.52,137.23,9.07
36013,Chautauqua County,NY,86157.63,163205.84,43973.0,60051.0,8.82,16.87,89.43,36.56,161.28,8.05
36015,Chemung County,NY,100046.56,154488.74,51285.0,66441.0,8.78,14.44,54.42,29.55,112.99,5.65
36017,Chenango County,NY,92087.8,150913.27,49082.0,63204.0,8.44,14.82,63.88,28.77,126.04,6.38
36019,Clinton County,NY,128195.64,213585.96,46747.0,69302.0,12.34,19.13,66.61,48.25,129.81,6.79
36023,Cortland County,NY,114104.04,186535.9,49894.0,71551.0,10.29,16.18,63.48,43.41,125.49,5.89
36025,Delaware County,NY,134316.01,237257.56,42907.0,63958.0,14.09,23.03,76.64,49.06,143.64,8.94
36027,Dutchess County,NY,247788.15,453473.74,71348.0,94933.0,15.63,29.65,83.01,33.06,152.43,14.02
36029,Erie County,NY,145445.95,279413.81,52176.0,73040.0,12.55,23.75,92.11,39.99,164.98,11.2
36031,Essex County,NY,166323.59,297758.3,52282.0,67881.0,14.32,27.23,79.02,29.84,146.93,12.91
36033,Franklin County,NY,102937.99,167968.91,45682.0,63460.0,10.14,16.43,63.17,38.92,125.07,6.29
36035,Fulton County,NY,115320.3,208646.29,46543.0,66757.0,11.15,19.4,80.93,43.43,149.56,8.25
36037,Genesee County,NY,116454.32,210229.91,53771.0,72993.0,9.75,17.88,80.53,35.75,149.0,8.13
36039,Greene County,NY,177465.45,357174.91,48144.0,79124.0,16.59,28.02,101.26,64.35,177.61,11.43
36041,Hamilton County,NY,155626.12,260636.77,47997.0,69045.0,14.59,23.44,67.48,43.85,131.0,8.84
36043,Herkimer County,NY,102960.59,185378.35,49504.0,64913.0,9.36,17.73,80.05,31.13,148.34,8.37
36045,Jefferson County,NY,148370.64,217683.26,50179.0,69193.0,13.31,19.53,46.72,37.89,102.37,6.22
36047,Kings County,NY,608371.44,886241.66,51026.0,80696.0,53.66,68.18,45.67,58.15,100.93,14.52
36049,Lewis County,NY,115852.46,185811.83,50846.0,70954.0,10.26,16.26,60.39,39.55,121.22,6.0
36051,Livingston County,NY,130422.25,230044.76,53945.0,77486.0,10.88,18.43,76.38,43.64,143.29,7.55
36053,Madison County,NY,133264.97,232779.65,58094.0,73747.0,10.32,19.6,74.67,26.94,140.93,9.27
36055,Monroe County,NY,139911.09,268201.74,54204.0,76594.0,11.62,21.74,91.69,41.31,164.41,10.12
36057,Montgomery County,NY,108546.69,204872.05,44414.0,61581.0,11.0,20.65,88.74,38.65,160.33,9.65
36059,Nassau County,NY,482338.55,777140.86,101568.0,141824.0,21.37,34.02,61.12,39.63,122.24,12.64
36061,New York County,NY,1362337.91,1201711.77,75136.0,105713.0,81.61,70.57,-11.79,40.7,21.67,-11.04
36063,Niagara County,NY,116074.24,232154.56,48517.0,70329.0,10.77,20.49,100.01,44.96,175.87,9.72
36065,Oneida County,NY,112927.46,209302.0,47390.0,72137.0,10.73,18.01,85.34,52.22,155.65,7.29
36067,Onondaga County,NY,134766.96,253429.69,57114.0,78198.0,10.62,20.12,88.05,36.92,159.38,9.5
36069,Ontario County,NY,168868.27,299521.43,58085.0,83661.0,13.09,22.23,77.37,44.03,144.65,9.14
36071,Orange County,NY,222952.8,435695.74,71162.0,94789.0,14.1,28.54,95.42,33.2,169.55,14.43
36073,Orleans County,NY,97495.19,186261.79,48126.0,68338.0,9.12,16.92,91.05,42.0,163.52,7.8
36075,Oswego County,NY,107990.29,189891.95,49391.0,68379.0,9.84,17.24,75.84,38.44,142.54,7.4
36077,Otsego County,NY,130713.73,210802.22,47942.0,67404.0,12.27,19.42,61.27,40.59,122.44,7.14
36079,Putnam County,NY,306322.89,525656.98,90497.0,120898.0,15.23,26.99,71.6,33.59,136.69,11.76
36081,Queens County,NY,500747.81,687261.48,60241.0,84684.0,37.41,50.38,37.25,40.58,89.31,12.97
36083,Rensselaer County,NY,181828.32,297665.87,60117.0,83097.0,13.61,22.24,63.71,38.23,125.8,8.63
36085,Richmond County,NY,420768.77,669958.44,71058.0,96437.0,26.65,43.13,59.22,35.72,119.62,16.48
36087,Rockland County,NY,395841.33,710591.26,84249.0,103771.0,21.15,42.51,79.51,23.17,147.61,21.36
36089,Saint Lawrence County,NY,87451.29,138216.79,42811.0,62800.0,9.19,13.66,58.05,46.69,118.0,4.47
36091,Saratoga County,NY,270098.53,433124.89,75029.0,101168.0,16.2,26.58,60.36,34.84,121.19,10.38
36093,Schenectady County,NY,170573.76,289305.69,59432.0,79899.0,12.92,22.48,69.61,34.44,133.94,9.56
36095,Schoharie County,NY,124991.6,225216.55,50588.0,69107.0,11.12,20.23,80.19,36.61,148.53,9.11
36097,Schuyler County,NY,140458.0,235942.4,49664.0,64202.0,12.73,22.81,67.98,29.27,131.7,10.09
36099,Seneca County,NY,117179.45,209122.59,49813.0,68055.0,10.59,19.08,78.46,36.62,146.16,8.49
36101,Steuben County,NY,104685.87,166271.32,47352.0,68152.0,9.95,15.15,58.83,43.93,119.08,5.2
36103,Suffolk County,NY,401016.01,675080.39,87634.0,125969.0,20.6,33.27,68.34,43.74,132.2,12.67
36105,Sullivan County,NY,138160.25,302221.97,49161.0,66973.0,12.65,28.01,118.75,36.23,201.72,15.37
36107,Tioga County,NY,122722.16,191193.54,57541.0,72102.0,9.6,16.46,55.79,25.31,114.89,6.86
36109,Tompkins County,NY,204219.75,334497.68,55839.0,72326.0,16.46,28.71,63.79,29.53,125.92,12.25
36111,Ulster County,NY,200895.36,420844.32,58328.0,85977.0,15.5,30.39,109.48,47.4,188.95,14.89
36113,Warren County,NY,207803.23,355990.38,54492.0,72604.0,17.16,30.44,71.31,33.24,136.29,13.28
36115,Washington County,NY,147211.64,242720.78,51188.0,71254.0,12.94,21.15,64.88,39.2,127.42,8.2
36117,Wayne County,NY,121734.61,228703.93,51273.0,70826.0,10.69,20.05,87.87,38.14,159.13,9.36
36119,Westchester County,NY,550686.72,800116.19,85688.0,117896.0,28.93,42.13,45.29,37.59,100.41,13.21
36121,Wyoming County,NY,111911.34,201155.8,52796.0,69751.0,9.54,17.9,79.75,32.11,147.93,8.36
36123,Yates County,NY,167537.0,299076.42,46392.0,70635.0,16.25,26.29,78.51,52.26,146.23,10.03
37003,Alexander County,NC,126365.19,243271.36,41092.0,66198.0,13.84,22.81,92.51,61.1,165.54,8.97
37005,Alleghany County,NC,136540.09,264515.41,36113.0,53354.0,17.02,30.78,93.73,47.74,167.21,13.76
37007,Anson County,NC,70655.44,154511.24,35307.0,57324.0,9.01,16.73,118.68,62.36,201.63,7.73
37009,Ashe County,NC,204551.61,359057.72,35238.0,57567.0,26.13,38.72,75.53,63.37,142.12,12.59
37013,Beaufort County,NC,115492.21,225222.31,41725.0,58625.0,12.46,23.85,95.01,40.5,168.98,11.39
37015,Bertie County,NC,56254.15,77547.51,31967.0,47587.0,7.92,10.12,37.85,48.86,90.14,2.2
37017,Bladen County,NC,104932.53,147026.07,33882.0,49547.0,13.94,18.42,40.11,46.23,93.26,4.48
37019,Brunswick County,NC,210026.75,408876.41,48831.0,81361.0,19.36,31.2,94.68,66.62,168.52,11.84
37021,Buncombe County,NC,235859.49,477481.3,45094.0,78993.0,23.54,37.53,102.44,75.17,179.23,13.98
37025,Cabarrus County,NC,176981.66,393967.32,57881.0,87867.0,13.76,27.84,122.6,51.81,207.04,14.07
37027,Caldwell County,NC,101387.72,235948.97,39636.0,59968.0,11.51,24.43,132.72,51.3,220.99,12.91
37029,Camden County,NC,211013.42,368508.21,62000.0,89509.0,15.32,25.56,74.64,44.37,140.88,10.24
37031,Carteret County,NC,238503.73,458665.85,50837.0,76739.0,21.12,37.11,92.31,50.95,165.26,15.99
37033,Caswell County,NC,112720.48,210606.24,40504.0,60453.0,12.53,21.63,86.84,49.25,157.71,9.1
37035,Catawba County,NC,131631.55,287611.46,41745.0,70879.0,14.19,25.19,118.5,69.79,201.38,11.0
37037,Chatham County,NC,291376.12,562048.09,58860.0,100222.0,22.28,34.82,92.89,70.27,166.06,12.53
37039,Cherokee County,NC,119674.43,268013.59,38284.0,55351.0,14.07,30.06,123.95,44.58,208.9,15.99
37043,Clay County,NC,159540.73,342920.39,38980.0,64569.0,18.42,32.97,114.94,65.65,196.47,14.55
37045,Cleveland County,NC,108649.32,227142.84,40237.0,61392.0,12.15,22.97,109.06,52.58,188.36,10.82
37047,Columbus County,NC,98126.28,185095.53,34478.0,50741.0,12.81,22.65,88.63,47.17,160.18,9.84
37049,Craven County,NC,140883.73,265558.73,47805.0,65661.0,13.26,25.11,88.49,37.35,159.99,11.84
37051,Cumberland County,NC,123429.01,230083.01,42380.0,60831.0,13.11,23.48,86.41,43.54,157.12,10.37
37053,Currituck County,NC,306195.72,534604.09,66426.0,94709.0,20.75,35.04,74.6,42.58,140.82,14.3
37055,Dare County,NC,317147.56,604822.72,53585.0,87321.0,26.64,43.0,90.71,62.96,163.05,16.36
37057,Davidson County,NC,132913.25,260329.17,46400.0,65644.0,12.89,24.62,95.86,41.47,170.16,11.73
37059,Davie County,NC,181153.75,315536.06,52525.0,77417.0,15.52,25.3,74.18,47.39,140.25,9.78
37061,Duplin County,NC,93880.43,179111.76,38397.0,56729.0,11.0,19.6,90.79,47.74,163.16,8.6
37063,Durham County,NC,190421.52,413766.93,53875.0,84375.0,15.91,30.44,117.29,56.61,199.71,14.54
37065,Edgecombe County,NC,70224.05,147207.3,32529.0,49283.0,9.72,18.54,109.63,51.5,189.14,8.83
37067,Forsyth County,NC,142974.43,282985.22,47346.0,67638.0,13.59,25.97,97.93,42.86,173.0,12.38
37069,Franklin County,NC,174199.42,362827.11,48009.0,72026.0,16.33,31.27,108.28,50.03,187.29,14.94
37071,Gaston County,NC,121701.55,297279.48,45031.0,70318.0,12.16,26.25,144.27,56.15,236.93,14.08
37073,Gates County,NC,120998.99,205325.77,46387.0,68522.0,11.74,18.6,69.69,47.72,134.06,6.86
37075,Graham County,NC,115776.82,228220.37,33827.0,55006.0,15.4,25.76,97.12,62.61,171.89,10.35
37077,Granville County,NC,148605.67,315108.99,50314.0,70353.0,13.29,27.81,112.04,39.83,192.48,14.51
37079,Greene County,NC,102137.37,183516.72,35060.0,57307.0,13.11,19.88,79.68,63.45,147.83,6.77
37081,Guilford County,NC,138808.69,276945.7,48283.0,70304.0,12.94,24.46,99.52,45.61,175.2,11.52
37083,Halifax County,NC,66542.12,102734.21,31952.0,47318.0,9.37,13.48,54.39,48.09,112.95,4.11
37085,Harnett County,NC,147871.06,291174.29,48301.0,72961.0,13.78,24.78,96.91,51.05,171.6,11.0
37087,Haywood County,NC,166737.24,354444.08,43573.0,65113.0,17.22,33.79,112.58,49.43,193.21,16.57
37089,Henderson County,NC,205203.85,438352.77,47280.0,72820.0,19.53,37.37,113.62,54.02,194.65,17.84
37091,Hertford County,NC,82532.9,121768.62,34453.0,48051.0,10.78,15.73,47.54,39.47,103.5,4.95
37093,Hoke County,NC,155843.42,275844.08,42819.0,68243.0,16.38,25.09,77.0,59.38,144.14,8.71
37095,Hyde County,NC,131703.81,214044.96,37074.0,53386.0,15.99,24.89,62.52,44.0,124.17,8.9
37097,Iredell County,NC,195371.89,383091.89,55848.0,85180.0,15.75,27.92,96.08,52.52,170.46,12.18
37099,Jackson County,NC,232864.69,439221.38,41537.0,62044.0,25.23,43.95,88.62,49.37,160.16,18.72
37101,Johnston County,NC,168795.41,349671.26,52681.0,88688.0,14.42,24.48,107.16,68.35,185.74,10.06
37103,Jones County,NC,71223.1,138812.02,39688.0,56456.0,8.08,15.26,94.9,42.25,168.83,7.19
37105,Lee County,NC,124409.89,289301.55,44294.0,71876.0,12.64,24.99,132.54,62.27,220.75,12.35
37107,Lenoir County,NC,69807.37,140352.7,37085.0,52084.0,8.47,16.73,101.06,40.44,177.32,8.26
37109,Lincoln County,NC,190086.74,391387.7,49343.0,83859.0,17.34,28.97,105.9,69.95,184.0,11.64
37113,Macon County,NC,172526.94,347820.08,41395.0,58888.0,18.76,36.67,101.6,42.26,178.08,17.91
37115,Madison County,NC,205137.42,394065.33,37899.0,61754.0,24.36,39.62,92.1,62.94,164.96,15.25
37117,Martin County,NC,79232.29,134084.69,36543.0,52295.0,9.76,15.92,69.23,43.11,133.42,6.16
37119,Mecklenburg County,NC,193231.02,427486.47,57029.0,90698.0,15.25,29.26,121.23,59.04,205.15,14.01
37121,Mitchell County,NC,128947.34,241477.97,39955.0,58182.0,14.53,25.77,87.27,45.62,158.3,11.24
37123,Montgomery County,NC,95132.36,187673.3,39096.0,57356.0,10.95,20.31,97.28,46.71,172.11,9.36
37125,Moore County,NC,206533.69,407344.08,52139.0,85211.0,17.83,29.68,97.23,63.43,172.04,11.85
37127,Nash County,NC,118654.57,237351.34,43450.0,66531.0,12.29,22.15,100.04,53.12,175.91,9.86
37129,New Hanover County,NC,218744.53,451043.28,52456.0,77098.0,18.77,36.32,106.2,46.98,184.41,17.55
37131,Northampton County,NC,58925.34,101391.84,33301.0,51986.0,7.96,12.11,72.07,56.11,137.34,4.14
37133,Onslow County,NC,153876.01,276851.5,46144.0,71800.0,15.01,23.94,79.92,55.6,148.17,8.93
37135,Orange County,NC,270313.94,513108.71,61570.0,83872.0,19.76,37.98,89.82,36.22,161.82,18.22
37137,Pamlico County,NC,137422.46,255878.0,41004.0,63059.0,15.08,25.19,86.2,53.79,156.83,10.11
37139,Pasquotank County,NC,137853.7,254705.29,42171.0,64384.0,14.71,24.56,84.76,52.67,154.85,9.85
37141,Pender County,NC,226879.43,436910.38,49390.0,79480.0,20.68,34.13,92.57,60.92,165.62,13.45
37143,Perquimans County,NC,184862.7,255292.8,42337.0,71446.0,19.65,22.18,38.1,68.76,90.48,2.53
37145,Person County,NC,127268.68,240707.04,43917.0,60520.0,13.04,24.69,89.13,37.81,160.87,11.65
37147,Pitt County,NC,125899.11,238938.54,41909.0,59430.0,13.52,24.96,89.79,41.81,161.78,11.44
37149,Polk County,NC,153402.0,315548.79,45672.0,74525.0,15.12,26.29,105.7,63.17,183.73,11.17
37151,Randolph County,NC,126994.79,240031.76,43216.0,63374.0,13.23,23.51,89.01,46.64,160.7,10.29
37153,Richmond County,NC,73847.37,132328.14,33017.0,50515.0,10.07,16.26,79.19,53.0,147.16,6.2
37157,Rockingham County,NC,118478.57,203589.3,40148.0,56141.0,13.28,22.51,71.84,39.84,137.02,9.23
37159,Rowan County,NC,128808.66,275551.46,44862.0,65555.0,12.92,26.1,113.92,46.13,195.07,13.17
37161,Rutherford County,NC,106136.43,219182.2,36998.0,57208.0,12.91,23.79,106.51,54.62,184.84,10.87
37163,Sampson County,NC,81679.31,143744.91,40660.0,55628.0,9.04,16.04,75.99,36.81,142.74,7.0
37165,Scotland County,NC,75321.15,144626.91,35447.0,55335.0,9.56,16.23,92.01,56.11,164.85,6.66
37169,Stokes County,NC,130699.7,238716.53,42889.0,67343.0,13.72,22.01,82.65,57.02,151.93,8.29
37171,Surry County,NC,118217.68,228851.63,38408.0,55191.0,13.85,25.74,93.58,43.7,167.02,11.89
37173,Swain County,NC,157951.49,327451.56,36103.0,53257.0,19.69,38.17,107.31,47.51,185.95,18.48
37175,Transylvania County,NC,206737.51,469863.48,45792.0,71679.0,20.32,40.7,127.28,56.53,213.49,20.37
37177,Tyrrell County,NC,109231.26,174162.36,33759.0,49846.0,14.56,21.69,59.44,47.65,119.92,7.13
37179,Union County,NC,215807.55,455943.94,71690.0,107681.0,13.55,26.29,111.27,50.2,191.41,12.74
37181,Vance County,NC,94270.59,187748.11,32698.0,54441.0,12.98,21.41,99.16,66.5,174.7,8.43
37183,Wake County,NC,255672.91,497865.2,70629.0,107083.0,16.29,28.86,94.73,51.61,168.59,12.57
37185,Warren County,NC,113362.13,218275.52,34149.0,55287.0,14.94,24.51,92.55,61.9,165.58,9.57
37187,Washington County,NC,72383.15,110368.45,35146.0,51253.0,9.27,13.37,52.48,45.83,110.32,4.1
37191,Wayne County,NC,112877.52,191005.33,41161.0,59786.0,12.34,19.83,69.21,45.25,133.4,7.49
37193,Wilkes County,NC,115005.74,211788.8,40647.0,56053.0,12.73,23.46,84.15,37.9,154.01,10.72
37195,Wilson County,NC,109197.22,217526.01,41276.0,62252.0,11.91,21.69,99.2,50.82,174.77,9.79
37197,Yadkin County,NC,126671.57,228416.8,41208.0,66012.0,13.84,21.48,80.32,60.19,148.72,7.65
37199,Yancey County,NC,163104.09,326240.1,36418.0,62198.0,20.16,32.56,100.02,70.79,175.89,12.4
38015,Burleigh County,ND,270107.36,340929.6,66057.0,91254.0,18.4,23.19,26.22,38.14,74.1,4.79
38017,Cass County,ND,223618.46,318621.68,55946.0,77791.0,17.99,25.43,42.48,39.05,96.53,7.44
38035,Grand Forks County,ND,218452.72,263052.55,52022.0,70919.0,18.9,23.03,20.42,36.33,66.09,4.13
38049,McHenry County,ND,253344.62,157781.6,56351.0,77267.0,20.24,12.68,-37.72,37.12,-14.1,-7.56
38055,McLean County,ND,175330.39,200736.27,62480.0,81639.0,12.63,15.26,14.49,30.66,57.92,2.63
38057,Mercer County,ND,215336.81,223773.36,75698.0,93154.0,12.8,14.91,3.92,23.06,43.34,2.11
38071,Ramsey County,ND,162445.92,210321.03,51607.0,74421.0,14.17,17.54,29.47,44.21,78.58,3.38
38077,Richland County,ND,131868.48,212164.64,56942.0,80180.0,10.42,16.43,60.89,40.81,121.92,6.0
38089,Stark County,ND,280205.09,285136.94,76844.0,88681.0,16.41,19.96,1.76,15.4,40.36,3.55
38097,Traill County,ND,172539.9,209505.63,54814.0,85101.0,14.17,15.28,21.42,55.25,67.48,1.12
38099,Walsh County,ND,134089.65,162484.58,51749.0,73571.0,11.66,13.71,21.18,42.17,67.14,2.05
38101,Ward County,ND,275948.93,265094.51,61170.0,73522.0,20.3,22.38,-3.93,20.19,32.51,2.08
38105,Williams County,ND,334890.28,315976.47,89860.0,98038.0,16.77,20.01,-5.65,9.1,30.14,3.23
39001,Adams County,OH,97650.4,174322.1,36609.0,55832.0,12.01,19.38,78.52,52.51,146.23,7.38
39003,Allen County,OH,94666.1,173105.27,49297.0,67677.0,8.64,15.88,82.86,37.28,152.22,7.24
39005,Ashland County,OH,113732.04,220696.1,48338.0,73005.0,10.59,18.77,94.05,51.03,167.66,8.18
39007,Ashtabula County,OH,88189.63,163015.48,44258.0,60480.0,8.97,16.73,84.85,36.65,154.96,7.76
39009,Athens County,OH,112667.24,174382.29,38400.0,54806.0,13.21,19.75,54.78,42.72,113.49,6.55
39011,Auglaize County,OH,124575.7,216759.62,58840.0,82460.0,9.53,16.32,74.0,40.14,140.0,6.79
39013,Belmont County,OH,96213.18,128004.34,45675.0,58332.0,9.48,13.62,33.04,27.71,83.51,4.14
39015,Brown County,OH,129132.05,245147.64,47202.0,68663.0,12.31,22.16,89.84,45.47,161.85,9.85
39017,Butler County,OH,152450.97,296690.16,58954.0,80560.0,11.64,22.86,94.61,36.65,168.43,11.22
39019,Carroll County,OH,107996.3,181085.77,52166.0,70614.0,9.32,15.92,67.68,35.36,131.28,6.6
39021,Champaign County,OH,125018.76,232945.05,58837.0,73034.0,9.56,19.8,86.33,24.13,157.01,10.24
39023,Clark County,OH,91324.06,184209.27,47651.0,65529.0,8.63,17.45,101.71,37.52,178.22,8.83
39025,Clermont County,OH,163778.78,312508.85,62214.0,87991.0,11.85,22.05,90.81,41.43,163.19,10.2
39027,Clinton County,OH,116879.44,238063.66,47055.0,67463.0,11.18,21.91,103.68,43.37,180.94,10.73
39029,Columbiana County,OH,92799.12,156847.53,42301.0,59141.0,9.87,16.46,69.02,39.81,133.13,6.59
39031,Coshocton County,OH,94050.7,170898.98,41643.0,61297.0,10.17,17.31,81.71,47.2,150.64,7.14
39033,Crawford County,OH,79748.41,149440.1,41471.0,59571.0,8.66,15.57,87.39,43.64,158.47,6.92
39035,Cuyahoga County,OH,105562.41,204366.95,45506.0,66081.0,10.44,19.2,93.6,45.21,167.03,8.76
39037,Darke County,OH,138486.92,192263.6,51131.0,70987.0,12.19,16.81,38.83,38.83,91.49,4.62
39039,Defiance County,OH,102539.58,171459.07,53936.0,71913.0,8.56,14.8,67.21,33.33,130.64,6.25
39041,Delaware County,OH,286110.79,506364.23,97679.0,136215.0,13.18,23.08,76.98,39.45,144.11,9.89
39043,Erie County,OH,128079.29,223256.9,48129.0,72400.0,11.98,19.14,74.31,50.43,140.43,7.17
39045,Fairfield County,OH,174246.65,353365.07,61450.0,90728.0,12.76,24.18,102.8,47.65,179.72,11.42
39047,Fayette County,OH,119042.4,227774.51,45068.0,68224.0,11.89,20.73,91.34,51.38,163.92,8.84
39049,Franklin County,OH,137004.81,294037.88,53939.0,76578.0,11.43,23.84,114.62,41.97,196.03,12.41
39051,Fulton County,OH,125673.3,217031.36,58782.0,75421.0,9.62,17.86,72.69,28.31,138.2,8.24
39053,Gallia County,OH,104054.0,160596.48,38738.0,54723.0,12.09,18.22,54.34,41.26,112.88,6.13
39055,Geauga County,OH,216303.82,354877.15,76315.0,110508.0,12.76,19.94,64.06,44.81,126.3,7.18
39057,Greene County,OH,161304.14,286439.5,61250.0,87684.0,11.85,20.28,77.58,43.16,144.94,8.43
39059,Guernsey County,OH,101255.34,160244.2,41630.0,62931.0,10.95,15.81,58.26,51.17,118.29,4.86
39061,Hamilton County,OH,133750.98,262172.27,51070.0,73166.0,11.79,22.25,96.02,43.27,170.37,10.46
39063,Hancock County,OH,133050.35,228155.49,55265.0,80864.0,10.84,17.52,71.48,46.32,136.53,6.68
39065,Hardin County,OH,102024.57,171432.11,44101.0,68612.0,10.41,15.51,68.03,55.58,131.77,5.1
39067,Harrison County,OH,87449.25,146689.01,44221.0,60099.0,8.9,15.15,67.74,35.91,131.37,6.25
39069,Henry County,OH,112562.84,192453.34,56986.0,69439.0,8.89,17.21,70.97,21.85,135.83,8.32
39071,Highland County,OH,90712.78,185567.75,41494.0,62366.0,9.84,18.47,104.57,50.3,182.16,8.63
39073,Hocking County,OH,141722.35,275299.91,43598.0,63690.0,14.63,26.83,94.25,46.08,167.94,12.2
39075,Holmes County,OH,178482.99,332361.97,53540.0,77621.0,15.0,26.58,86.21,44.98,156.85,11.58
39077,Huron County,OH,106395.72,182340.3,48838.0,72260.0,9.81,15.67,71.38,47.96,136.39,5.86
39079,Jackson County,OH,89510.96,155167.0,42828.0,59581.0,9.41,16.17,73.35,39.12,139.1,6.76
39083,Knox County,OH,120553.36,264567.07,50914.0,72305.0,10.66,22.72,119.46,42.01,202.71,12.06
39085,Lake County,OH,139968.89,233634.05,60782.0,84484.0,10.36,17.17,66.92,39.0,130.23,6.8
39087,Lawrence County,OH,99507.46,135345.17,39698.0,61638.0,11.28,13.63,36.02,55.27,87.61,2.35
39089,Licking County,OH,190588.68,328986.54,59119.0,86157.0,14.51,23.71,72.62,45.73,138.09,9.2
39091,Logan County,OH,129747.07,235762.59,49690.0,75055.0,11.75,19.5,81.71,51.05,150.64,7.75
39093,Lorain County,OH,131195.74,241258.91,52779.0,79139.0,11.19,18.93,83.89,49.94,153.65,7.74
39095,Lucas County,OH,85332.62,162359.32,43136.0,63774.0,8.9,15.81,90.27,47.84,162.44,6.9
39097,Madison County,OH,162818.4,310608.05,63736.0,84632.0,11.5,22.78,90.77,32.79,163.13,11.29
39099,Mahoning County,OH,78114.35,156517.39,42443.0,58133.0,8.28,16.71,100.37,36.97,176.37,8.43
39105,Meigs County,OH,95014.46,108314.72,38479.0,54483.0,11.11,12.34,14.0,41.59,57.24,1.23
39107,Mercer County,OH,155320.11,246407.99,56124.0,75311.0,12.46,20.31,58.65,34.19,118.82,7.86
39109,Miami County,OH,139421.84,251718.4,51685.0,83948.0,12.14,18.62,80.54,62.42,149.03,6.47
39113,Montgomery County,OH,92238.0,188849.29,46696.0,66349.0,8.89,17.67,104.74,42.09,182.4,8.78
39115,Morgan County,OH,92760.17,160002.59,39969.0,64911.0,10.45,15.3,72.49,62.4,137.92,4.86
39117,Morrow County,OH,155530.36,269232.61,52312.0,84191.0,13.38,19.85,73.11,60.94,138.77,6.47
39119,Muskingum County,OH,101895.4,202860.48,43324.0,63161.0,10.59,19.94,99.09,45.79,174.6,9.35
39123,Ottawa County,OH,158047.29,267852.24,58793.0,76709.0,12.1,21.68,69.48,30.47,133.76,9.58
39125,Paulding County,OH,85460.09,148484.41,49796.0,68923.0,7.72,13.37,73.75,38.41,139.65,5.65
39127,Perry County,OH,100601.06,215764.04,44738.0,68322.0,10.12,19.61,114.47,52.72,195.83,9.48
39129,Pickaway County,OH,156865.85,313064.48,58472.0,81135.0,12.07,23.95,99.57,38.76,175.28,11.88
39131,Pike County,OH,102643.89,165200.99,39851.0,59100.0,11.59,17.35,60.95,48.3,122.0,5.76
39133,Portage County,OH,148214.33,258431.13,53609.0,79710.0,12.44,20.13,74.36,48.69,140.5,7.68
39135,Preble County,OH,113534.02,215692.24,51042.0,71966.0,10.01,18.61,89.98,40.99,162.04,8.6
39137,Putnam County,OH,131473.98,222905.14,60036.0,88101.0,9.86,15.71,69.54,46.75,133.85,5.85
39139,Richland County,OH,83648.7,177088.54,45273.0,66025.0,8.32,16.65,111.71,45.84,192.01,8.34
39141,Ross County,OH,108488.72,194403.7,45615.0,67519.0,10.7,17.87,79.19,48.02,147.16,7.17
39143,Sandusky County,OH,102372.85,173924.05,49994.0,66851.0,9.22,16.15,69.89,33.72,134.34,6.94
39145,Scioto County,OH,84542.48,131187.13,37277.0,55235.0,10.21,14.74,55.17,48.17,114.03,4.54
39147,Seneca County,OH,97063.28,166919.71,48617.0,65260.0,8.99,15.88,71.97,34.23,137.2,6.89
39149,Shelby County,OH,120991.0,211894.61,59149.0,75593.0,9.21,17.4,75.13,27.8,141.56,8.2
39151,Stark County,OH,110314.39,199148.32,48976.0,69455.0,10.14,17.8,80.53,41.81,149.01,7.66
39153,Summit County,OH,115556.74,212666.81,51434.0,70449.0,10.11,18.74,84.04,36.97,153.85,8.63
39155,Trumbull County,OH,80103.08,151310.74,42831.0,60389.0,8.42,15.56,88.9,40.99,160.55,7.14
39157,Tuscarawas County,OH,111478.55,192162.42,47588.0,66524.0,10.54,17.93,72.38,39.79,137.76,7.39
39159,Union County,OH,217263.0,397705.93,76116.0,119133.0,12.85,20.72,83.05,56.52,152.49,7.88
39161,Van Wert County,OH,86585.49,170723.36,51264.0,72213.0,7.6,14.68,97.17,40.86,171.96,7.08
39165,Warren County,OH,209314.55,393673.74,81383.0,113333.0,11.58,21.56,88.08,39.26,159.42,9.99
39167,Washington County,OH,116135.1,172648.38,44697.0,65321.0,11.69,16.41,48.66,46.14,105.05,4.71
39171,Williams County,OH,92540.92,170968.36,49031.0,63288.0,8.49,16.77,84.75,29.08,154.83,8.28
39173,Wood County,OH,147994.83,235830.76,57390.0,77522.0,11.61,18.89,59.35,35.08,119.8,7.28
39175,Wyandot County,OH,103255.5,176252.91,51109.0,63875.0,9.09,17.13,70.7,24.98,135.44,8.04
40001,Adair County,OK,84095.37,158358.32,31572.0,48550.0,11.99,20.25,88.31,53.78,159.74,8.26
40009,Beckham County,OK,137222.87,140079.04,51394.0,57449.0,12.02,15.14,2.08,11.78,40.8,3.12
40011,Blaine County,OK,73604.95,106596.61,43540.0,59556.0,7.61,11.11,44.82,36.78,99.76,3.5
40013,Bryan County,OK,112648.79,226781.42,40875.0,60458.0,12.4,23.29,101.32,47.91,177.68,10.88
40015,Caddo County,OK,93097.52,102269.08,43548.0,56389.0,9.62,11.26,9.85,29.49,51.52,1.64
40017,Canadian County,OK,165508.63,266420.56,63291.0,91636.0,11.77,18.05,60.97,44.79,122.03,6.28
40019,Carter County,OK,97307.58,176530.92,45287.0,60179.0,9.67,18.21,81.42,32.88,150.23,8.54
40021,Cherokee County,OK,112151.1,196062.11,40600.0,54705.0,12.43,22.25,74.82,34.74,141.13,9.82
40023,Choctaw County,OK,72290.62,137555.39,30572.0,39680.0,10.64,21.52,90.28,29.79,162.46,10.88
40027,Cleveland County,OK,157637.4,246671.87,59417.0,78643.0,11.94,19.47,56.48,32.36,115.84,7.53
40029,Coal County,OK,65719.35,112902.25,38954.0,50771.0,7.59,13.81,71.79,30.34,136.96,6.21
40031,Comanche County,OK,108138.16,147012.7,46821.0,62306.0,10.4,14.65,35.95,33.07,87.52,4.25
40033,Cotton County,OK,56348.61,100016.8,42901.0,53567.0,5.91,11.59,77.5,24.86,144.82,5.68
40035,Craig County,OK,91784.67,183565.85,41119.0,55309.0,10.05,20.6,100.0,34.51,175.86,10.56
40037,Creek County,OK,125233.86,203685.63,47395.0,61799.0,11.89,20.46,62.64,30.39,124.34,8.57
40039,Custer County,OK,112171.49,160427.17,47745.0,60435.0,10.57,16.48,43.02,26.58,97.27,5.91
40041,Delaware County,OK,154657.33,267935.97,38840.0,53179.0,17.92,31.28,73.24,36.92,138.96,13.36
40045,Ellis County,OK,83290.46,103292.76,57524.0,65593.0,6.52,9.78,24.02,14.03,71.06,3.26
40047,Garfield County,OK,97033.35,133174.04,49070.0,65358.0,8.9,12.65,37.25,33.19,89.31,3.75
40049,Garvin County,OK,76779.25,142119.64,46139.0,56297.0,7.49,15.67,85.1,22.02,155.31,8.18
40051,Grady County,OK,129288.5,224177.15,53208.0,74426.0,10.94,18.7,73.39,39.88,139.16,7.76
40053,Grant County,OK,78166.77,115110.56,50729.0,61169.0,6.94,11.68,47.26,20.58,103.12,4.75
40057,Harmon County,OK,66817.69,82484.22,33144.0,44893.0,9.07,11.41,23.45,35.45,70.27,2.33
40061,Haskell County,OK,79917.55,160766.15,36888.0,50066.0,9.75,19.93,101.17,35.72,177.47,10.18
40063,Hughes County,OK,56293.07,109162.62,37676.0,52070.0,6.72,13.02,93.92,38.2,167.48,6.29
40065,Jackson County,OK,79513.6,120569.63,44723.0,61097.0,8.0,12.25,51.63,36.61,109.15,4.25
40067,Jefferson County,OK,47832.41,95587.56,36227.0,51511.0,5.94,11.52,99.84,42.19,175.64,5.58
40069,Johnston County,OK,68437.31,141916.72,38980.0,49529.0,7.9,17.79,107.37,27.06,186.03,9.89
40071,Kay County,OK,72880.61,110920.15,43373.0,57006.0,7.56,12.08,52.19,31.43,109.92,4.52
40073,Kingfisher County,OK,142729.93,219400.95,59462.0,83475.0,10.8,16.32,53.72,40.38,112.03,5.51
40077,Latimer County,OK,96074.03,152966.23,38313.0,47142.0,11.29,20.14,59.22,23.04,119.61,8.86
40079,Le Flore County,OK,89986.99,160895.12,38261.0,52370.0,10.59,19.07,78.8,36.88,146.62,8.49
40081,Lincoln County,OK,91704.54,176179.68,46976.0,63528.0,8.79,17.22,92.12,35.24,164.99,8.43
40083,Logan County,OK,199897.61,312824.16,57892.0,81339.0,15.54,23.88,56.49,40.5,115.85,8.33
40085,Love County,OK,110862.2,204368.0,45223.0,63781.0,11.03,19.89,84.34,41.04,154.27,8.86
40087,McClain County,OK,168750.25,282014.1,56700.0,82649.0,13.4,21.18,67.12,45.77,130.51,7.79
40089,McCurtain County,OK,109690.31,206887.64,31723.0,50467.0,15.56,25.45,88.61,59.09,160.15,9.89
40091,McIntosh County,OK,105744.56,189433.9,35775.0,51124.0,13.3,23.0,79.14,42.9,147.1,9.7
40093,Major County,OK,104095.97,153412.09,55020.0,65653.0,8.52,14.51,47.38,19.33,103.28,5.99
40095,Marshall County,OK,107368.54,204934.17,41312.0,58563.0,11.7,21.72,90.87,41.76,163.27,10.03
40097,Mayes County,OK,118041.35,208949.77,46373.0,65597.0,11.46,19.78,77.01,41.46,144.16,8.32
40099,Murray County,OK,94634.71,181403.62,45560.0,65183.0,9.35,17.28,91.69,43.07,164.4,7.93
40101,Muskogee County,OK,82692.74,153428.38,40340.0,55536.0,9.23,17.15,85.54,37.67,155.92,7.92
40103,Noble County,OK,85378.71,147787.06,51977.0,65288.0,7.39,14.05,73.1,25.61,138.75,6.66
40105,Nowata County,OK,92984.21,163902.71,43341.0,55783.0,9.66,18.24,76.27,28.71,143.13,8.58
40107,Okfuskee County,OK,75243.2,130882.79,37289.0,49016.0,9.08,16.58,73.95,31.45,139.93,7.49
40109,Oklahoma County,OK,131183.55,224953.33,49750.0,68006.0,11.87,20.54,71.48,36.7,136.53,8.67
40111,Okmulgee County,OK,74287.49,133783.54,39825.0,52198.0,8.4,15.91,80.09,31.07,148.4,7.52
40113,Osage County,OK,120378.74,205434.7,46093.0,68398.0,11.75,18.65,70.66,48.39,135.39,6.89
40115,Ottawa County,OK,78946.01,139646.7,36166.0,52587.0,9.82,16.49,76.89,45.4,143.99,6.66
40117,Pawnee County,OK,89073.94,167355.77,45184.0,57903.0,8.87,17.94,87.88,28.15,159.15,9.07
40119,Payne County,OK,143640.88,226717.49,41747.0,54326.0,15.49,25.91,57.84,30.13,117.71,10.42
40121,Pittsburg County,OK,87637.61,140903.46,43257.0,54668.0,9.12,16.0,60.78,26.38,121.77,6.88
40123,Pontotoc County,OK,111381.92,180175.11,44798.0,60954.0,11.19,18.35,61.76,36.06,123.12,7.16
40125,Pottawatomie County,OK,95029.15,180516.44,43587.0,61709.0,9.81,18.16,89.96,41.58,162.01,8.35
40131,Rogers County,OK,157323.27,275645.24,63263.0,81443.0,11.19,21.01,75.21,28.74,141.67,9.82
40133,Seminole County,OK,66567.23,113607.97,39102.0,50893.0,7.66,13.86,70.67,30.15,135.4,6.2
40135,Sequoyah County,OK,91029.55,178290.91,36718.0,52486.0,11.16,21.09,95.86,42.94,170.15,9.93
40137,Stephens County,OK,92363.05,138994.07,47949.0,59105.0,8.67,14.6,50.49,23.27,107.57,5.93
40141,Tillman County,OK,42254.85,65869.65,38247.0,47148.0,4.97,8.67,55.89,23.27,115.02,3.7
40143,Tulsa County,OK,136144.88,241417.42,51366.0,70089.0,11.93,21.38,77.32,36.45,144.59,9.45
40145,Wagoner County,OK,161554.53,269490.41,57948.0,82745.0,12.55,20.22,66.81,42.79,130.09,7.67
40147,Washington County,OK,106173.11,170168.27,52056.0,67652.0,9.18,15.62,60.27,29.96,121.07,6.44
40153,Woodward County,OK,115465.24,129343.71,60290.0,62279.0,8.62,12.89,12.02,3.3,54.51,4.27
41001,Baker County,OR,138497.05,295820.71,40855.0,61369.0,15.26,29.93,113.59,50.21,194.61,14.67
41003,Benton County,OR,297654.86,558244.37,54773.0,79863.0,24.46,43.4,87.55,45.81,158.69,18.94
41005,Clackamas County,OR,335752.54,617749.34,69523.0,103479.0,21.74,37.06,83.99,48.84,153.78,15.33
41007,Clatsop County,OR,252864.31,530387.5,47340.0,76494.0,24.04,43.05,109.75,61.58,189.31,19.0
41009,Columbia County,OR,224161.57,450919.84,52060.0,88138.0,19.38,31.76,101.16,69.3,177.46,12.38
41011,Coos County,OR,177063.38,361417.76,38934.0,60914.0,20.47,36.83,104.12,56.45,181.54,16.37
41013,Crook County,OR,198374.76,472941.16,45046.0,76704.0,19.82,38.28,138.41,70.28,228.84,18.46
41015,Curry County,OR,251961.66,472430.73,38126.0,56805.0,29.74,51.63,87.5,48.99,158.62,21.89
41017,Deschutes County,OR,320023.35,691234.69,56911.0,99705.0,25.31,43.04,116.0,75.19,197.93,17.73
41019,Douglas County,OR,167462.6,338892.53,41696.0,61341.0,18.08,34.3,102.37,47.11,179.13,16.22
41021,Gilliam County,OR,142818.65,216225.75,50694.0,76759.0,12.68,17.49,51.4,51.42,108.83,4.81
41023,Grant County,OR,141556.1,275787.14,43105.0,61302.0,14.78,27.93,94.83,42.22,168.73,13.15
41025,Harney County,OR,93875.41,209982.52,40468.0,59576.0,10.44,21.88,123.68,47.22,208.53,11.44
41027,Hood River County,OR,349292.77,691867.83,53726.0,85628.0,29.26,50.16,98.08,59.38,173.21,20.9
41029,Jackson County,OR,249827.95,435877.78,44855.0,73899.0,25.07,36.62,74.47,64.75,140.65,11.55
41031,Jefferson County,OR,160664.58,418812.92,42325.0,69959.0,17.09,37.17,160.68,65.29,259.55,20.08
41033,Josephine County,OR,213858.82,395401.52,40569.0,60157.0,23.73,40.81,84.89,48.28,155.02,17.08
41035,Klamath County,OR,141394.66,298597.45,42384.0,64076.0,15.02,28.93,111.18,51.18,191.28,13.92
41039,Lane County,OR,227507.06,457774.66,47254.0,73137.0,21.67,38.86,101.21,54.77,177.54,17.19
41041,Lincoln County,OR,222223.85,483728.97,41118.0,65436.0,24.33,45.89,117.68,59.14,200.25,21.57
41043,Linn County,OR,177150.98,406083.93,47757.0,77936.0,16.7,32.35,129.23,63.19,216.18,15.65
41045,Malheur County,OR,127566.4,301977.91,37604.0,60814.0,15.27,30.83,136.72,61.72,226.52,15.56
41047,Marion County,OR,204218.63,445452.01,51623.0,80192.0,17.81,34.49,118.13,55.34,200.86,16.68
41049,Morrow County,OR,138373.9,302800.75,53774.0,77596.0,11.58,24.23,118.83,44.3,201.83,12.64
41051,Multnomah County,OR,319691.77,512354.94,58764.0,90423.0,24.49,35.18,60.27,53.87,121.06,10.69
41053,Polk County,OR,224964.48,476706.77,55342.0,94166.0,18.3,31.43,111.9,70.15,192.28,13.13
41057,Tillamook County,OR,255952.5,523310.31,44972.0,66296.0,25.62,49.0,104.46,47.42,182.01,23.39
41059,Umatilla County,OR,152761.35,300165.53,49016.0,67908.0,14.03,27.44,96.49,38.54,171.03,13.41
41061,Union County,OR,161994.35,304689.12,46378.0,67339.0,15.72,28.09,88.09,45.2,159.43,12.37
41063,Wallowa County,OR,201213.04,428317.81,44045.0,67150.0,20.56,39.6,112.87,52.46,193.61,19.04
41065,Wasco County,OR,175233.37,390951.48,45110.0,63941.0,17.48,37.96,123.1,41.74,207.73,20.47
41067,Washington County,OR,320196.58,585511.17,70417.0,107040.0,20.47,33.96,82.86,52.01,152.22,13.49
41071,Yamhill County,OR,261199.63,512971.35,52806.0,92193.0,22.26,34.54,96.39,74.59,170.89,12.28
42001,Adams County,PA,193426.8,312287.04,60558.0,85854.0,14.38,22.58,61.45,41.77,122.69,8.21
42003,Allegheny County,PA,138400.24,238042.17,54412.0,80878.0,11.45,18.27,72.0,48.64,137.24,6.82
42005,Armstrong County,PA,106786.24,165228.73,44893.0,63472.0,10.71,16.16,54.73,41.39,113.42,5.45
42007,Beaver County,PA,125109.58,191763.62,50131.0,73077.0,11.23,16.29,53.28,45.77,111.42,5.06
42009,Bedford County,PA,149383.75,191601.52,45988.0,59645.0,14.62,19.94,28.26,29.7,76.91,5.32
42011,Berks County,PA,159799.61,291720.29,56167.0,78176.0,12.81,23.17,82.55,39.18,151.8,10.36
42013,Blair County,PA,123560.41,159287.7,44880.0,65984.0,12.39,14.99,28.91,47.02,77.81,2.6
42015,Bradford County,PA,146090.6,190986.43,49367.0,62009.0,13.32,19.12,30.73,25.61,80.32,5.8
42017,Bucks County,PA,295086.1,493044.49,80512.0,112331.0,16.5,27.25,67.08,39.52,130.46,10.75
42019,Butler County,PA,219971.91,314414.67,67892.0,95450.0,14.58,20.45,42.93,40.59,97.15,5.87
42021,Cambria County,PA,91874.57,106183.16,43786.0,61223.0,9.44,10.77,15.57,39.82,59.41,1.32
42025,Carbon County,PA,132082.87,259598.36,52121.0,66998.0,11.41,24.05,96.54,28.54,171.09,12.65
42027,Centre County,PA,215145.42,337082.25,55084.0,76524.0,17.58,27.35,56.68,38.92,116.11,9.77
42029,Chester County,PA,327215.41,542424.01,90555.0,130877.0,16.26,25.73,65.77,44.53,128.65,9.47
42031,Clarion County,PA,108746.38,128861.35,39988.0,60755.0,12.24,13.17,18.5,51.93,63.45,0.93
42033,Clearfield County,PA,104595.66,133161.94,44336.0,61276.0,10.62,13.49,27.31,38.21,75.6,2.87
42035,Clinton County,PA,129867.11,186934.87,45897.0,65983.0,12.74,17.59,43.94,43.76,98.54,4.85
42037,Columbia County,PA,161666.6,231902.06,44763.0,65026.0,16.26,22.14,43.44,45.27,97.86,5.88
42039,Crawford County,PA,103103.75,154775.76,45989.0,58757.0,10.09,16.35,50.12,27.76,107.06,6.26
42041,Cumberland County,PA,201356.61,327867.41,63926.0,90939.0,14.18,22.38,62.83,42.26,124.59,8.21
42043,Dauphin County,PA,151230.13,260315.19,54198.0,72875.0,12.56,22.18,72.13,34.46,137.42,9.62
42045,Delaware County,PA,193801.69,351454.41,67184.0,90113.0,12.98,24.21,81.35,34.13,150.14,11.23
42047,Elk County,PA,96539.55,125680.3,47826.0,66741.0,9.09,11.69,30.19,39.55,79.57,2.61
42049,Erie County,PA,123036.22,201355.4,47118.0,63912.0,11.75,19.56,63.66,35.64,125.73,7.81
42051,Fayette County,PA,103586.53,147496.18,40293.0,60039.0,11.57,15.25,42.39,49.01,96.4,3.68
42055,Franklin County,PA,167968.79,277826.6,56975.0,75061.0,13.27,22.98,65.4,31.74,128.14,9.71
42057,Fulton County,PA,147617.2,222994.92,49378.0,69381.0,13.46,19.95,51.06,40.51,108.36,6.5
42059,Greene County,PA,120001.47,146232.7,50714.0,63608.0,10.65,14.27,21.86,25.42,68.08,3.62
42061,Huntingdon County,PA,111784.22,173977.42,44875.0,66355.0,11.21,16.28,55.64,47.87,114.67,5.07
42063,Indiana County,PA,107398.49,153663.05,45448.0,61768.0,10.64,15.44,43.08,35.91,97.35,4.81
42065,Jefferson County,PA,99774.12,119894.93,45499.0,61167.0,9.87,12.17,20.17,34.44,65.75,2.3
42067,Juniata County,PA,151149.31,221331.79,50008.0,71150.0,13.6,19.31,46.43,42.28,101.98,5.71
42069,Lackawanna County,PA,123008.89,211961.32,48000.0,67341.0,11.53,19.54,72.31,40.29,137.68,8.01
42071,Lancaster County,PA,202334.66,358271.22,59231.0,85829.0,15.38,25.91,77.07,44.91,144.23,10.54
42073,Lawrence County,PA,93325.69,155699.38,43944.0,59609.0,9.56,16.22,66.83,35.65,130.12,6.66
42075,Lebanon County,PA,170788.4,288658.09,52829.0,74200.0,14.55,24.15,69.02,40.45,133.13,9.6
42077,Lehigh County,PA,186137.01,342474.77,56352.0,80820.0,14.87,26.31,83.99,43.42,153.78,11.44
42079,Luzerne County,PA,121157.13,210323.82,49589.0,66221.0,11.0,19.72,73.6,33.54,139.44,8.72
42081,Lycoming County,PA,152034.37,219078.75,49941.0,61034.0,13.7,22.28,44.1,22.21,98.76,8.58
42083,McKean County,PA,93517.39,114507.89,46039.0,59147.0,9.14,12.02,22.45,28.47,68.89,2.88
42085,Mercer County,PA,110294.34,167982.34,46319.0,61006.0,10.72,17.09,52.3,31.71,110.08,6.38
42087,Mifflin County,PA,92431.46,173482.13,42296.0,64972.0,9.84,16.58,87.69,53.61,158.88,6.74
42089,Monroe County,PA,143935.16,306537.53,57152.0,76974.0,11.34,24.72,112.97,34.68,193.75,13.39
42091,Montgomery County,PA,286356.94,474780.19,83258.0,111915.0,15.48,26.34,65.8,34.42,128.69,10.86
42093,Montour County,PA,177489.82,258511.81,57056.0,78039.0,14.0,20.57,45.65,36.78,100.9,6.56
42095,Northampton County,PA,199288.55,352294.77,62129.0,89712.0,14.44,24.38,76.78,44.4,143.83,9.94
42097,Northumberland County,PA,105814.81,142593.8,44221.0,61984.0,10.77,14.28,34.76,40.17,85.87,3.51
42099,Perry County,PA,188520.59,282591.13,54818.0,77074.0,15.48,22.76,49.9,40.6,106.76,7.28
42101,Philadelphia County,PA,124760.63,226414.02,41210.0,60500.0,13.63,23.23,81.48,46.81,150.32,9.61
42103,Pike County,PA,136531.98,281455.24,60436.0,81717.0,10.17,21.38,106.15,35.21,184.34,11.21
42105,Potter County,PA,130139.09,160166.79,41754.0,56229.0,14.03,17.68,23.07,34.67,69.76,3.66
42107,Schuylkill County,PA,79261.81,151091.38,45733.0,68552.0,7.8,13.68,90.62,49.9,162.93,5.88
42109,Snyder County,PA,178728.59,217893.46,49803.0,65157.0,16.15,20.76,21.91,30.83,68.16,4.61
42111,Somerset County,PA,111250.88,168237.99,43608.0,62644.0,11.48,16.67,51.22,43.65,108.59,5.19
42113,Sullivan County,PA,125381.46,197780.89,43844.0,67001.0,12.87,18.33,57.74,52.82,117.58,5.45
42115,Susquehanna County,PA,179156.99,223574.1,50141.0,69771.0,16.08,19.89,24.79,39.15,72.13,3.81
42117,Tioga County,PA,139412.19,206238.7,48186.0,63734.0,13.02,20.09,47.93,32.27,104.05,7.07
42119,Union County,PA,171654.1,263807.44,57862.0,74727.0,13.35,21.92,53.69,29.15,111.98,8.56
42121,Venango County,PA,85432.09,129693.9,44916.0,59729.0,8.56,13.48,51.81,32.98,109.39,4.92
42125,Washington County,PA,159885.09,232842.18,57622.0,76961.0,12.49,18.78,45.63,33.56,100.87,6.29
42127,Wayne County,PA,155923.52,286549.43,49927.0,67672.0,14.06,26.29,83.78,35.54,153.49,12.23
42129,Westmoreland County,PA,146654.62,213685.28,53422.0,75550.0,12.36,17.56,45.71,41.42,100.98,5.2
42131,Wyoming County,PA,174014.93,226872.68,51797.0,74590.0,15.12,18.88,30.38,44.0,79.83,3.76
42133,York County,PA,165094.7,287530.02,58527.0,81537.0,12.7,21.89,74.16,39.32,140.22,9.2
44001,Bristol County,RI,334690.36,625331.19,75324.0,113867.0,20.0,34.09,86.84,51.17,157.71,14.09
44003,Kent County,RI,201996.51,414587.79,65332.0,91417.0,13.92,28.15,105.25,39.93,183.1,14.24
44005,Newport County,RI,360559.82,716060.97,66096.0,97763.0,24.55,45.47,98.6,47.91,173.93,20.92
44007,Providence County,RI,207649.66,433812.83,50364.0,73462.0,18.56,36.66,108.92,45.86,188.16,18.1
44009,Washington County,RI,319076.64,621896.53,71951.0,105806.0,19.96,36.49,94.91,47.05,168.84,16.53
45001,Abbeville County,SC,108099.35,213276.83,35932.0,57365.0,13.54,23.08,97.3,59.65,172.14,9.54
45003,Aiken County,SC,136488.83,236964.62,48012.0,71314.0,12.8,20.63,73.61,48.53,139.47,7.83
45005,Allendale County,SC,49670.63,77728.51,27089.0,41336.0,8.25,11.67,56.49,52.59,115.85,3.42
45007,Anderson County,SC,137826.12,283415.61,44745.0,69775.0,13.86,25.22,105.63,55.94,183.63,11.35
45011,Barnwell County,SC,123440.94,184698.27,33280.0,50145.0,16.69,22.87,49.62,50.68,106.38,6.17
45013,Beaufort County,SC,282146.01,545517.91,60071.0,91129.0,21.14,37.16,93.35,51.7,166.69,16.02
45015,Berkeley County,SC,191800.7,376251.28,55876.0,86187.0,15.45,27.1,96.17,54.25,170.58,11.65
45017,Calhoun County,SC,120187.13,212632.83,41277.0,61091.0,13.11,21.61,76.92,48.0,144.03,8.5
45019,Charleston County,SC,284575.3,605607.03,56244.0,92635.0,22.77,40.59,112.81,64.7,193.53,17.81
45021,Cherokee County,SC,138046.57,207772.78,37098.0,57070.0,16.75,22.6,50.51,53.84,107.6,5.85
45023,Chester County,SC,105067.22,220407.3,35006.0,55584.0,13.51,24.62,109.78,58.78,189.35,11.11
45025,Chesterfield County,SC,113403.06,178968.27,36520.0,53144.0,13.98,20.91,57.82,45.52,117.68,6.93
45027,Clarendon County,SC,128032.64,203498.75,34654.0,53106.0,16.63,23.79,58.94,53.25,119.23,7.16
45029,Colleton County,SC,122452.62,256123.33,33745.0,55301.0,16.33,28.75,109.16,63.88,188.5,12.42
45031,Darlington County,SC,109396.98,158054.5,36719.0,53035.0,13.41,18.5,44.48,44.43,99.28,5.09
45033,Dillon County,SC,110599.44,115481.11,31094.0,47478.0,16.01,15.1,4.41,52.69,44.02,-0.91
45035,Dorchester County,SC,186770.55,354618.25,55595.0,84239.0,15.12,26.13,89.87,51.52,161.89,11.01
45037,Edgefield County,SC,154882.92,272487.64,46430.0,75118.0,15.01,22.52,75.93,61.79,142.67,7.51
45039,Fairfield County,SC,165423.5,195437.64,36622.0,54536.0,20.33,22.25,18.14,48.92,62.96,1.92
45041,Florence County,SC,117117.24,191833.68,41197.0,61320.0,12.8,19.42,63.8,48.85,125.93,6.63
45043,Georgetown County,SC,200359.99,390095.84,44395.0,67196.0,20.31,36.04,94.7,51.36,168.55,15.73
45045,Greenville County,SC,169484.73,330079.26,52017.0,82531.0,14.67,24.83,94.75,58.66,168.63,10.16
45049,Hampton County,SC,98209.83,165427.22,30772.0,49822.0,14.36,20.61,68.44,61.91,132.34,6.25
45051,Horry County,SC,173624.33,333718.69,47083.0,68932.0,16.6,30.06,92.21,46.41,165.12,13.46
45053,Jasper County,SC,200673.73,432586.8,37231.0,67873.0,24.26,39.57,115.57,82.3,197.34,15.31
45055,Kershaw County,SC,137584.86,248579.64,48233.0,73494.0,12.84,21.0,80.67,52.37,149.21,8.16
45057,Lancaster County,SC,195240.83,396069.24,47279.0,83171.0,18.59,29.56,102.86,75.92,179.81,10.98
45059,Laurens County,SC,154060.52,231525.76,39731.0,60433.0,17.45,23.78,50.28,52.11,107.29,6.33
45061,Lee County,SC,122053.15,173102.39,31525.0,48020.0,17.43,22.38,41.83,52.32,95.62,4.95
45063,Lexington County,SC,145185.44,267779.1,55413.0,78712.0,11.79,21.12,84.44,42.05,154.4,9.33
45067,Marion County,SC,112486.71,156048.39,30528.0,44214.0,16.58,21.91,38.73,44.83,91.35,5.33
45069,Marlboro County,SC,86659.66,105254.86,32485.0,45380.0,12.01,14.4,21.46,39.7,67.53,2.39
45071,Newberry County,SC,132873.11,217506.04,41120.0,64521.0,14.54,20.93,63.69,56.91,125.79,6.38
45073,Oconee County,SC,147951.5,280078.82,44819.0,69144.0,14.86,25.15,89.3,54.27,161.11,10.29
45075,Orangeburg County,SC,96194.02,162843.95,37651.0,52964.0,11.5,19.09,69.29,40.67,133.5,7.59
45077,Pickens County,SC,140963.31,294458.69,44091.0,65163.0,14.39,28.05,108.89,47.79,188.13,13.66
45079,Richland County,SC,128635.96,238503.41,51065.0,66644.0,11.34,22.22,85.41,30.51,155.74,10.88
45081,Saluda County,SC,130052.64,217630.37,41409.0,61432.0,14.14,21.99,67.34,48.35,130.82,7.86
45083,Spartanburg County,SC,130940.86,268880.52,45768.0,70103.0,12.88,23.81,105.35,53.17,183.24,10.93
45085,Sumter County,SC,125511.59,201647.8,41058.0,57234.0,13.76,21.87,60.66,39.4,121.6,8.11
45087,Union County,SC,86733.15,136224.88,35467.0,50730.0,11.01,16.67,57.06,43.03,116.64,5.66
45089,Williamsburg County,SC,90138.04,133858.87,28943.0,46174.0,14.02,18.0,48.5,59.53,104.83,3.98
45091,York County,SC,190109.49,397630.33,57302.0,94037.0,14.93,26.25,109.16,64.11,188.5,11.32
46011,Brookings County,SD,182427.44,297185.69,55749.0,75653.0,14.73,24.39,62.91,35.7,124.7,9.66
46013,Brown County,SD,150168.46,224500.88,52065.0,72244.0,12.98,19.29,49.5,38.76,106.21,6.31
46019,Butte County,SD,222247.31,353171.85,43572.0,64896.0,22.96,33.79,58.91,48.94,119.19,10.83
46033,Custer County,SD,220806.19,495521.31,54309.0,80312.0,18.3,38.3,124.41,47.88,209.54,20.0
46035,Davison County,SD,142051.8,240989.14,47591.0,72516.0,13.43,20.63,69.65,52.37,134.0,7.2
46057,Hamlin County,SD,168363.42,291411.14,57278.0,80325.0,13.23,22.52,73.08,40.24,138.74,9.29
46065,Hughes County,SD,173129.36,268846.07,60582.0,83936.0,12.86,19.88,55.29,38.55,114.19,7.02
46081,Lawrence County,SD,245368.45,455044.69,51553.0,78721.0,21.42,35.89,85.45,52.7,155.8,14.46
46087,McCook County,SD,128199.36,266042.4,56382.0,83250.0,10.23,19.84,107.52,47.65,186.24,9.61
46099,Minnehaha County,SD,170119.39,320854.48,55605.0,80546.0,13.77,24.73,88.61,44.85,160.15,10.96
46103,Pennington County,SD,188399.99,354216.28,52217.0,79338.0,16.24,27.72,88.01,51.94,159.33,11.48
46127,Union County,SD,209531.16,341033.03,74439.0,101682.0,12.67,20.82,62.76,36.6,124.5,8.15
46135,Yankton County,SD,181652.4,268028.4,48991.0,73710.0,16.69,22.57,47.55,50.46,103.52,5.89
47001,Anderson County,TN,130574.8,295811.75,44488.0,72300.0,13.21,25.4,126.55,62.52,212.48,12.19
47003,Bedford County,TN,129102.19,323937.0,44734.0,69879.0,12.99,28.78,150.92,56.21,246.09,15.79
47005,Benton County,TN,87548.68,176915.58,36201.0,56138.0,10.88,19.56,102.08,55.07,178.73,8.68
47007,Bledsoe County,TN,101873.06,223889.69,39730.0,57188.0,11.54,24.3,119.77,43.94,203.14,12.76
47009,Blount County,TN,170263.11,381706.65,49532.0,78132.0,15.47,30.33,124.19,57.74,209.22,14.86
47011,Bradley County,TN,149247.06,311570.83,43772.0,70651.0,15.35,27.38,108.76,61.41,187.95,12.03
47013,Campbell County,TN,96305.3,229846.27,33092.0,54150.0,13.1,26.35,138.66,63.63,229.19,13.25
47015,Cannon County,TN,122917.74,289394.32,43864.0,65364.0,12.61,27.49,135.44,49.02,224.74,14.87
47017,Carroll County,TN,101790.8,180321.47,38412.0,55245.0,11.93,20.26,77.15,43.82,144.35,8.34
47019,Carter County,TN,115345.41,236122.83,35053.0,51256.0,14.81,28.6,104.71,46.22,182.36,13.79
47021,Cheatham County,TN,178453.59,394973.84,56447.0,89490.0,14.23,27.4,121.33,58.54,205.29,13.17
47023,Chester County,TN,100700.96,168773.0,43452.0,64789.0,10.43,16.17,67.6,49.1,131.17,5.74
47027,Clay County,TN,86451.87,189625.07,32750.0,48100.0,11.88,24.47,119.34,46.87,202.54,12.59
47029,Cocke County,TN,113707.49,223927.14,31355.0,50830.0,16.32,27.35,96.93,62.11,171.63,11.03
47031,Coffee County,TN,126147.78,296814.61,44452.0,68092.0,12.77,27.06,135.29,53.18,224.54,14.29
47033,Crockett County,TN,94784.75,173457.94,38474.0,60637.0,11.09,17.76,83.0,57.61,152.42,6.67
47035,Cumberland County,TN,136324.9,308142.48,39472.0,63432.0,15.54,30.16,126.04,60.7,211.77,14.61
47037,Davidson County,TN,207823.59,450635.45,51999.0,80803.0,17.99,34.62,116.84,55.39,199.09,16.63
47039,Decatur County,TN,95170.28,179123.67,38771.0,53616.0,11.05,20.74,88.21,38.29,159.61,9.69
47041,Dekalb County,TN,129812.57,295467.79,43804.0,60271.0,13.34,30.43,127.61,37.59,213.95,17.1
47043,Dickson County,TN,153961.89,352156.23,47621.0,75713.0,14.55,28.88,128.73,58.99,215.49,14.32
47045,Dyer County,TN,108942.46,177083.49,43391.0,63008.0,11.3,17.45,62.55,45.21,124.21,6.15
47047,Fayette County,TN,202005.24,373921.83,56710.0,90590.0,16.03,25.62,85.11,59.74,155.32,9.59
47049,Fentress County,TN,96525.48,235342.2,31824.0,50626.0,13.65,28.86,143.81,59.08,236.3,15.21
47051,Franklin County,TN,138986.74,301222.28,47286.0,66904.0,13.23,27.95,116.73,41.49,198.94,14.72
47053,Gibson County,TN,98677.61,178284.96,40789.0,61163.0,10.89,18.1,80.67,49.95,149.21,7.21
47055,Giles County,TN,110488.57,241168.07,42207.0,65859.0,11.78,22.73,118.27,56.04,201.07,10.95
47057,Grainger County,TN,132802.21,266533.96,38103.0,52222.0,15.69,31.69,100.7,37.05,176.83,16.0
47061,Grundy County,TN,91780.12,195986.07,33595.0,49568.0,12.3,24.55,113.54,47.55,194.54,12.25
47063,Hamblen County,TN,124663.27,254752.3,39566.0,60725.0,14.18,26.04,104.35,53.48,181.87,11.86
47065,Hamilton County,TN,174282.78,355078.63,48943.0,78271.0,16.03,28.16,103.74,59.92,181.02,12.14
47067,Hancock County,TN,87955.33,156942.18,27987.0,41664.0,14.14,23.39,78.43,48.87,146.12,9.24
47069,Hardeman County,TN,80540.31,158388.17,37729.0,45433.0,9.61,21.64,96.66,20.42,171.25,12.03
47071,Hardin County,TN,102765.99,198364.46,36765.0,55243.0,12.58,22.29,93.03,50.26,166.24,9.71
47073,Hawkins County,TN,110268.97,235823.7,38708.0,58842.0,12.82,24.88,113.86,52.02,194.98,12.06
47075,Haywood County,TN,95415.06,177807.81,35216.0,53818.0,12.19,20.51,86.35,52.82,157.04,8.32
47077,Henderson County,TN,97264.23,190086.29,41328.0,58495.0,10.59,20.17,95.43,41.54,169.56,9.58
47079,Henry County,TN,107972.65,201573.65,38328.0,54189.0,12.68,23.09,86.69,41.38,157.5,10.41
47081,Hickman County,TN,97326.49,172216.99,39682.0,68886.0,11.04,15.52,76.95,73.6,144.07,4.48
47083,Houston County,TN,99439.34,215290.5,39999.0,60114.0,11.19,22.23,116.5,50.29,198.63,11.04
47085,Humphreys County,TN,110695.94,233586.18,43657.0,67537.0,11.41,21.47,111.02,54.7,191.06,10.06
47087,Jackson County,TN,94951.99,221057.52,34651.0,54877.0,12.33,25.01,132.81,58.37,221.12,12.67
47089,Jefferson County,TN,146758.16,324700.29,42669.0,66911.0,15.48,30.13,121.25,56.81,205.17,14.65
47091,Johnson County,TN,118067.85,236692.32,33402.0,50816.0,15.91,28.92,100.47,52.13,176.51,13.01
47093,Knox County,TN,163192.22,373650.37,52136.0,75465.0,14.09,30.74,128.96,44.75,215.81,16.65
47095,Lake County,TN,72004.56,110884.0,29908.0,42267.0,10.84,16.29,54.0,41.32,112.41,5.45
47097,Lauderdale County,TN,70606.0,132693.84,34715.0,53232.0,9.15,15.48,87.94,53.34,159.22,6.32
47099,Lawrence County,TN,106757.65,229714.27,40076.0,61295.0,11.99,23.27,115.17,52.95,196.79,11.28
47101,Lewis County,TN,96028.99,238082.55,38198.0,62426.0,11.32,23.68,147.93,63.43,241.97,12.36
47103,Lincoln County,TN,118913.13,245204.83,43694.0,66757.0,12.25,22.8,106.21,52.78,184.42,10.55
47105,Loudon County,TN,210529.11,441964.77,52787.0,84882.0,17.95,32.32,109.93,60.8,189.56,14.37
47107,McMinn County,TN,121445.74,246994.03,39207.0,61178.0,13.94,25.06,103.38,56.04,180.52,11.12
47109,McNairy County,TN,86495.61,165426.52,37337.0,56334.0,10.43,18.23,91.25,50.88,163.8,7.8
47111,Macon County,TN,100551.52,250312.26,37865.0,59183.0,11.95,26.26,148.94,56.3,243.37,14.3
47113,Madison County,TN,119366.22,230895.03,46694.0,63628.0,11.51,22.53,93.43,36.27,166.81,11.02
47115,Marion County,TN,129899.7,251478.62,41090.0,64375.0,14.23,24.25,93.59,56.67,167.03,10.02
47117,Marshall County,TN,122922.62,310740.15,46788.0,72893.0,11.82,26.47,152.79,55.79,248.68,14.64
47119,Maury County,TN,164357.29,400343.14,50868.0,82751.0,14.54,30.03,143.58,62.68,235.98,15.49
47121,Meigs County,TN,141801.29,287912.68,41061.0,61354.0,15.54,29.13,103.04,49.42,180.06,13.59
47123,Monroe County,TN,132802.53,275312.03,37867.0,62682.0,15.78,27.27,107.31,65.53,185.95,11.48
47125,Montgomery County,TN,169709.5,321809.69,49603.0,78956.0,15.4,25.3,89.62,59.18,161.55,9.9
47127,Moore County,TN,139385.5,324048.7,52911.0,76465.0,11.86,26.31,132.48,44.52,220.67,14.45
47129,Morgan County,TN,101585.5,208526.69,46067.0,60822.0,9.93,21.28,105.27,32.03,183.14,11.36
47131,Obion County,TN,89784.65,153604.6,39946.0,58186.0,10.12,16.39,71.08,45.66,135.98,6.27
47133,Overton County,TN,109455.37,236345.82,36316.0,56460.0,13.57,25.99,115.93,55.47,197.83,12.42
47135,Perry County,TN,93836.81,177742.39,34445.0,55337.0,12.26,19.94,89.42,60.65,161.27,7.68
47137,Pickett County,TN,116162.35,221790.66,34714.0,52519.0,15.06,26.22,90.93,51.29,163.36,11.16
47139,Polk County,TN,110305.39,239177.41,38923.0,63014.0,12.76,23.56,116.83,61.89,199.08,10.81
47141,Putnam County,TN,148008.7,307355.23,40629.0,61722.0,16.4,30.91,107.66,51.92,186.43,14.52
47143,Rhea County,TN,122923.05,251535.88,39863.0,56791.0,13.88,27.5,104.63,42.47,182.25,13.62
47145,Roane County,TN,138562.1,283728.32,43939.0,77481.0,14.19,22.73,104.77,76.34,182.44,8.54
47147,Robertson County,TN,172162.75,374505.59,53413.0,81231.0,14.51,28.62,117.53,52.08,200.04,14.11
47149,Rutherford County,TN,189783.02,417878.67,60022.0,90118.0,14.23,28.79,120.19,50.14,203.71,14.56
47151,Scott County,TN,99177.33,187525.85,33254.0,52097.0,13.42,22.35,89.08,56.66,160.8,8.92
47153,Sequatchie County,TN,134910.62,272902.2,43207.0,65760.0,14.05,25.76,102.28,52.2,179.01,11.71
47155,Sevier County,TN,176242.02,437315.09,41987.0,63315.0,18.89,42.88,148.13,50.8,242.26,23.99
47157,Shelby County,TN,109739.57,225018.35,46998.0,65005.0,10.51,21.49,105.05,38.31,182.83,10.98
47159,Smith County,TN,132941.02,301658.02,44556.0,71325.0,13.43,26.26,126.91,60.08,212.98,12.83
47161,Stewart County,TN,125880.33,250309.94,44266.0,64200.0,12.8,24.2,98.85,45.03,174.27,11.41
47165,Sumner County,TN,207335.75,441076.69,59816.0,95878.0,15.6,28.56,112.74,60.29,193.43,12.96
47167,Tipton County,TN,134655.77,268818.85,54077.0,76717.0,11.21,21.75,99.63,41.87,175.36,10.55
47169,Trousdale County,TN,137565.84,348750.6,47531.0,70518.0,13.03,30.7,153.52,48.36,249.68,17.68
47171,Unicoi County,TN,121785.39,238988.21,36641.0,56931.0,14.96,26.06,96.24,55.38,170.67,11.1
47173,Union County,TN,120349.62,280897.65,36878.0,57039.0,14.69,30.57,133.4,54.67,221.94,15.88
47175,Van Buren County,TN,112394.2,220154.36,39348.0,54580.0,12.86,25.04,95.88,38.71,170.18,12.18
47177,Warren County,TN,105774.61,252736.65,39357.0,59779.0,12.1,26.25,138.94,51.89,229.57,14.15
47179,Washington County,TN,155558.97,305140.56,45261.0,64816.0,15.47,29.23,96.16,43.2,170.56,13.76
47181,Wayne County,TN,84266.42,170386.29,34895.0,50630.0,10.87,20.89,102.2,45.09,178.9,10.02
47183,Weakley County,TN,95721.99,173595.13,38025.0,52803.0,11.33,20.41,81.35,38.86,150.14,9.08
47185,White County,TN,119243.8,258631.12,38649.0,56340.0,13.89,28.5,116.89,45.77,199.16,14.61
47187,Williamson County,TN,407265.77,890016.46,104367.0,147807.0,17.56,37.38,118.53,41.62,201.43,19.82
47189,Wilson County,TN,241262.65,497109.2,65372.0,96530.0,16.61,31.97,106.04,47.66,184.2,15.36
48001,Anderson County,TX,119895.38,224773.26,43062.0,57927.0,12.53,24.09,87.47,34.52,158.59,11.56
48003,Andrews County,TX,159703.02,235316.76,72184.0,89424.0,9.96,16.34,47.35,23.88,103.24,6.38
48005,Angelina County,TX,119900.78,197298.61,45428.0,62937.0,11.88,19.46,64.55,38.54,126.97,7.58
48007,Aransas County,TX,187510.32,327267.7,41560.0,67768.0,20.31,29.98,74.53,63.06,140.74,9.67
48009,Archer County,TX,149283.29,241268.13,60414.0,79806.0,11.12,18.77,61.62,32.1,122.92,7.65
48011,Armstrong County,TX,138897.5,223431.3,55198.0,77908.0,11.33,17.8,60.86,41.14,121.88,6.48
48013,Atascosa County,TX,166216.55,248091.2,49047.0,66244.0,15.25,23.25,49.26,35.06,105.87,8.0
48015,Austin County,TX,263347.88,425421.39,57960.0,74343.0,20.45,35.53,61.54,28.27,122.82,15.08
48019,Bandera County,TX,181016.5,352089.82,53662.0,76716.0,15.18,28.49,94.51,42.96,168.29,13.31
48021,Bastrop County,TX,191868.06,384811.44,56866.0,84174.0,15.19,28.38,100.56,48.02,176.64,13.2
48025,Bee County,TX,144192.15,171676.39,42540.0,56414.0,15.26,18.89,19.06,32.61,64.22,3.64
48027,Bell County,TX,143626.33,262807.85,48894.0,69108.0,13.22,23.61,82.98,41.34,152.39,10.39
48029,Bexar County,TX,153552.59,271313.79,52230.0,72578.0,13.23,23.21,76.69,38.96,143.71,9.98
48035,Bosque County,TX,125763.91,243989.36,47135.0,64319.0,12.01,23.55,94.01,36.46,167.6,11.54
48037,Bowie County,TX,133230.44,202511.88,42515.0,62559.0,14.1,20.1,52.0,47.15,109.66,5.99
48039,Brazoria County,TX,200193.63,329225.77,71230.0,100255.0,12.65,20.39,64.45,40.75,126.83,7.74
48041,Brazos County,TX,193616.33,312489.96,44767.0,61938.0,19.47,31.32,61.4,38.36,122.62,11.86
48043,Brewster County,TX,163154.53,226961.83,41785.0,63982.0,17.57,22.02,39.11,53.12,91.88,4.45
48049,Brown County,TX,118876.98,189312.32,41981.0,60291.0,12.75,19.49,59.25,43.61,119.66,6.75
48051,Burleson County,TX,177552.31,280756.34,50113.0,70451.0,15.95,24.74,58.13,40.58,118.11,8.79
48053,Burnet County,TX,226365.82,458259.55,53086.0,78699.0,19.19,36.15,102.44,48.25,179.23,16.96
48055,Caldwell County,TX,146978.91,313848.08,46093.0,70980.0,14.35,27.45,113.53,53.99,194.53,13.1
48057,Calhoun County,TX,141972.12,210100.67,50873.0,69077.0,12.56,18.88,47.99,35.78,104.12,6.32
48059,Callahan County,TX,136347.4,206104.84,44450.0,67065.0,13.81,19.08,51.16,50.88,108.5,5.27
48061,Cameron County,TX,121120.6,203388.93,34044.0,52973.0,16.01,23.84,67.92,55.6,131.62,7.82
48065,Carson County,TX,115039.16,163923.31,61083.0,81564.0,8.48,12.48,42.49,33.53,96.54,4.0
48067,Cass County,TX,121934.24,173138.43,39274.0,52449.0,13.97,20.49,41.99,33.55,95.85,6.52
48069,Castro County,TX,128222.77,161679.46,43372.0,66616.0,13.31,15.07,26.09,53.59,73.92,1.76
48071,Chambers County,TX,223107.66,341168.12,77282.0,106175.0,12.99,19.95,52.92,37.39,110.92,6.95
48073,Cherokee County,TX,124273.6,239588.45,41355.0,59341.0,13.53,25.07,92.79,43.49,165.92,11.54
48075,Childress County,TX,78743.89,109886.91,37732.0,57509.0,9.39,11.86,39.55,52.41,92.48,2.47
48077,Clay County,TX,129133.08,210976.07,51234.0,74944.0,11.34,17.48,63.38,46.28,125.35,6.13
48083,Coleman County,TX,131913.13,158794.19,35922.0,52648.0,16.53,18.72,20.38,46.56,66.04,2.2
48085,Collin County,TX,281324.28,534061.95,86823.0,124920.0,14.58,26.54,89.84,43.88,161.85,11.96
48089,Colorado County,TX,186791.95,296388.5,47783.0,66938.0,17.59,27.49,58.67,40.09,118.86,9.89
48091,Comal County,TX,261928.97,457609.03,68362.0,109427.0,17.25,25.96,74.71,60.07,140.98,8.72
48093,Comanche County,TX,116456.61,222707.55,41155.0,58941.0,12.74,23.46,91.24,43.22,163.78,10.72
48097,Cooke County,TX,153555.28,318316.14,54534.0,77501.0,12.67,25.5,107.3,42.12,185.93,12.82
48099,Coryell County,TX,117852.61,228631.17,45989.0,64049.0,11.53,22.16,94.0,39.27,167.58,10.63
48103,Crane County,TX,117841.32,200870.41,65883.0,77653.0,8.05,16.06,70.46,17.87,135.12,8.01
48107,Crosby County,TX,84430.51,88636.29,34562.0,49096.0,11.0,11.21,4.98,42.05,44.8,0.21
48113,Dallas County,TX,147702.45,332909.49,51824.0,78910.0,12.83,26.19,125.39,52.27,210.89,13.36
48115,Dawson County,TX,94913.75,105645.45,42589.0,58227.0,10.03,11.26,11.31,36.72,53.53,1.23
48117,Deaf Smith County,TX,86733.67,176979.41,45713.0,61990.0,8.54,17.72,104.05,35.61,181.45,9.18
48119,Delta County,TX,100528.8,205492.07,42846.0,63985.0,10.56,19.94,104.41,49.34,181.95,9.38
48121,Denton County,TX,252123.1,475965.57,75898.0,117499.0,14.95,25.15,88.78,54.81,160.39,10.2
48123,De Witt County,TX,168560.07,229960.06,47365.0,63383.0,16.02,22.52,36.43,33.82,88.18,6.51
48127,Dimmit County,TX,126129.75,141251.27,40040.0,49127.0,14.18,17.85,11.99,22.69,54.47,3.67
48133,Eastland County,TX,113232.65,164155.42,41944.0,54528.0,12.15,18.69,44.97,30.0,99.96,6.54
48135,Ector County,TX,165321.13,234774.33,62519.0,75887.0,11.9,19.21,42.01,21.38,95.88,7.3
48139,Ellis County,TX,187883.29,384842.65,66811.0,99726.0,12.66,23.96,104.83,49.27,182.53,11.3
48141,El Paso County,TX,130257.35,226113.17,43101.0,59883.0,13.6,23.44,73.59,38.94,139.44,9.84
48143,Erath County,TX,169130.99,339370.79,45663.0,65488.0,16.67,32.17,100.66,43.42,176.77,15.5
48145,Falls County,TX,92504.23,161979.0,37912.0,56486.0,10.98,17.8,75.1,48.99,141.52,6.82
48147,Fannin County,TX,130453.9,292353.14,43733.0,70819.0,13.43,25.63,124.1,61.93,209.11,12.2
48149,Fayette County,TX,254767.7,463663.43,53173.0,76540.0,21.57,37.61,81.99,43.95,151.03,16.04
48157,Fort Bend County,TX,251524.52,395011.87,95117.0,115538.0,11.9,21.22,57.05,21.47,116.62,9.32
48159,Franklin County,TX,176668.92,319005.47,43569.0,67120.0,18.25,29.51,80.57,54.05,149.06,11.26
48161,Freestone County,TX,149987.46,251179.43,48057.0,69048.0,14.05,22.58,67.47,43.68,130.99,8.54
48163,Frio County,TX,156067.21,176992.84,38809.0,51825.0,18.1,21.2,13.41,33.54,56.43,3.1
48165,Gaines County,TX,178380.41,231281.81,53297.0,71008.0,15.06,20.22,29.66,33.23,78.84,5.16
48167,Galveston County,TX,190506.65,334910.18,66173.0,86354.0,12.96,24.08,75.8,30.5,142.48,11.12
48171,Gillespie County,TX,276246.36,538901.29,54180.0,86869.0,22.95,38.51,95.08,60.33,169.08,15.56
48175,Goliad County,TX,192962.13,265809.69,52612.0,68784.0,16.51,23.99,37.75,30.74,90.0,7.48
48177,Gonzales County,TX,183847.27,293067.68,43519.0,60783.0,19.01,29.93,59.41,39.67,119.87,10.92
48179,Gray County,TX,97494.22,109475.79,49415.0,69749.0,8.88,9.74,12.29,41.15,54.88,0.86
48181,Grayson County,TX,138166.94,309220.9,48164.0,72865.0,12.91,26.35,123.8,51.29,208.69,13.43
48183,Gregg County,TX,135300.55,216066.66,48561.0,62490.0,12.54,21.47,59.69,28.68,120.27,8.93
48185,Grimes County,TX,180354.18,344430.61,44226.0,67168.0,18.35,31.83,90.97,51.87,163.41,13.48
48187,Guadalupe County,TX,206248.96,316764.34,64252.0,90997.0,14.45,21.61,53.58,41.63,111.84,7.16
48189,Hale County,TX,96427.6,132278.4,41999.0,54376.0,10.33,15.1,37.18,29.47,89.21,4.77
48193,Hamilton County,TX,149607.22,269186.19,46181.0,71790.0,14.58,23.28,79.93,55.45,148.18,8.7
48199,Hardin County,TX,160319.96,228669.01,56201.0,81183.0,12.84,17.49,42.63,44.45,96.74,4.65
48201,Harris County,TX,170307.92,293772.44,56670.0,74682.0,13.53,24.42,72.49,31.78,137.93,10.89
48203,Harrison County,TX,161575.25,213290.14,46593.0,63802.0,15.61,20.75,32.01,36.93,82.08,5.15
48209,Hays County,TX,240351.23,414216.43,61121.0,91880.0,17.7,27.99,72.34,50.32,137.71,10.29
48213,Henderson County,TX,151693.61,278640.64,44944.0,61360.0,15.19,28.19,83.69,36.53,153.36,13.0
48215,Hidalgo County,TX,96813.78,193242.38,35441.0,55829.0,12.29,21.49,99.6,57.53,175.32,9.19
48217,Hill County,TX,106005.44,239186.22,44965.0,62176.0,10.61,23.88,125.64,38.28,211.22,13.27
48219,Hockley County,TX,121990.14,168999.82,48768.0,64664.0,11.26,16.23,38.54,32.6,91.08,4.97
48221,Hood County,TX,195328.39,384140.72,61371.0,88438.0,14.33,26.97,96.66,44.1,171.26,12.64
48225,Houston County,TX,151958.96,221615.53,37536.0,55607.0,18.22,24.74,45.84,48.14,101.16,6.52
48227,Howard County,TX,157472.45,163454.36,47148.0,65932.0,15.03,15.39,3.8,39.84,43.17,0.36
48231,Hunt County,TX,127088.85,292444.54,46632.0,82770.0,12.27,21.93,130.11,77.5,217.4,9.67
48233,Hutchinson County,TX,93314.29,118263.99,53085.0,60073.0,7.91,12.22,26.74,13.16,74.81,4.31
48237,Jack County,TX,134960.47,216161.8,51711.0,67398.0,11.75,19.91,60.17,30.34,120.92,8.16
48239,Jackson County,TX,153211.62,231700.25,53667.0,68156.0,12.85,21.1,51.23,27.0,108.59,8.26
48241,Jasper County,TX,143668.31,199545.14,46541.0,62743.0,13.89,19.74,38.89,34.81,91.58,5.85
48245,Jefferson County,TX,120499.42,169471.35,47620.0,59997.0,11.39,17.54,40.64,25.99,93.99,6.15
48249,Jim Wells County,TX,183316.4,157987.8,43028.0,55920.0,19.18,17.54,-13.82,29.96,18.87,-1.64
48251,Johnson County,TX,166143.53,354710.67,58685.0,86537.0,12.74,25.45,113.5,47.46,194.48,12.7
48253,Jones County,TX,110115.44,159080.93,41871.0,59076.0,11.84,16.72,44.47,41.09,99.27,4.88
48255,Karnes County,TX,193551.02,216809.39,47129.0,68534.0,18.48,19.64,12.02,45.42,54.51,1.16
48257,Kaufman County,TX,171673.54,324019.81,60438.0,90670.0,12.78,22.19,88.74,50.02,160.34,9.4
48259,Kendall County,TX,355005.79,607476.78,79108.0,121401.0,20.2,31.06,71.12,53.46,136.03,10.87
48265,Kerr County,TX,206288.76,395162.98,47389.0,69674.0,19.59,35.21,91.56,47.03,164.22,15.62
48273,Kleberg County,TX,108059.92,146451.12,40066.0,57810.0,12.14,15.73,35.53,44.29,86.94,3.59
48277,Lamar County,TX,116834.68,196652.08,39433.0,59226.0,13.34,20.61,68.32,50.19,132.16,7.28
48281,Lampasas County,TX,145944.26,310646.6,50985.0,77271.0,12.88,24.96,112.85,51.56,193.59,12.07
48285,Lavaca County,TX,170461.05,289641.93,49752.0,68916.0,15.42,26.09,69.92,38.52,134.37,10.67
48287,Lee County,TX,188590.75,356898.88,54747.0,79291.0,15.5,27.94,89.25,44.83,161.03,12.44
48289,Leon County,TX,175110.23,306222.41,47740.0,64146.0,16.51,29.64,74.87,34.37,141.21,13.13
48291,Liberty County,TX,136370.04,236582.17,53552.0,66378.0,11.46,22.13,73.49,23.95,139.29,10.67
48293,Limestone County,TX,113216.87,175850.79,40655.0,59502.0,12.53,18.35,55.32,46.36,114.24,5.81
48297,Live Oak County,TX,232990.52,232634.12,53184.0,66331.0,19.72,21.77,-0.15,24.72,37.72,2.06
48299,Llano County,TX,260732.93,489740.07,46366.0,75529.0,25.31,40.25,87.83,62.9,159.08,14.94
48303,Lubbock County,TX,136982.33,215623.88,47139.0,64512.0,13.08,20.75,57.41,36.85,117.12,7.67
48307,McCulloch County,TX,118018.0,159208.55,39900.0,52639.0,13.31,18.78,34.9,31.93,86.07,5.46
48309,McLennan County,TX,122830.68,267004.07,46264.0,68096.0,11.95,24.34,117.38,47.19,199.83,12.39
48313,Madison County,TX,151623.34,280273.68,40857.0,62187.0,16.7,27.98,84.85,52.21,154.97,11.28
48315,Marion County,TX,133260.01,157084.23,35152.0,50632.0,17.06,19.26,17.88,44.04,62.59,2.2
48321,Matagorda County,TX,140207.83,199978.2,45073.0,65319.0,14.0,19.01,42.63,44.92,96.73,5.01
48323,Maverick County,TX,166229.41,215111.17,34687.0,50787.0,21.57,26.29,29.41,46.42,78.49,4.73
48325,Medina County,TX,205333.51,330199.34,52831.0,96423.0,17.49,21.26,60.81,82.51,121.81,3.77
48329,Midland County,TX,233445.46,314160.1,79829.0,97719.0,13.16,19.96,34.58,22.41,85.62,6.8
48331,Milam County,TX,155348.16,274459.2,46433.0,72798.0,15.06,23.41,76.67,56.78,143.69,8.35
48333,Mills County,TX,225094.21,350072.97,40958.0,61642.0,24.74,35.26,55.52,50.5,114.52,10.52
48337,Montague County,TX,150287.18,270035.56,49653.0,64975.0,13.62,25.8,79.68,30.86,147.84,12.18
48339,Montgomery County,TX,230080.48,352909.7,72428.0,96049.0,14.3,22.81,53.39,32.61,111.57,8.51
48341,Moore County,TX,116820.88,167936.32,49345.0,66411.0,10.66,15.7,43.76,34.59,98.28,5.04
48343,Morris County,TX,102541.03,174325.45,37236.0,54697.0,12.39,19.79,70.01,46.89,134.49,7.39
48347,Nacogdoches County,TX,138703.67,212961.87,39556.0,55767.0,15.78,23.71,53.54,40.98,111.78,7.93
48349,Navarro County,TX,106847.37,228139.27,41047.0,66263.0,11.72,21.37,113.52,61.43,194.51,9.66
48351,Newton County,TX,102617.16,159212.02,40345.0,55560.0,11.45,17.79,55.15,37.71,114.0,6.34
48353,Nolan County,TX,121780.94,128064.96,40052.0,57566.0,13.69,13.81,5.16,43.73,45.05,0.13
48355,Nueces County,TX,160006.96,234859.16,50188.0,66726.0,14.35,21.85,46.78,32.95,102.46,7.5
48361,Orange County,TX,137594.27,180972.39,51156.0,72841.0,12.11,15.42,31.53,42.39,81.42,3.32
48363,Palo Pinto County,TX,150967.36,288477.17,42932.0,63004.0,15.83,28.43,91.09,46.75,163.57,12.6
48365,Panola County,TX,142248.54,195845.38,50057.0,68559.0,12.79,17.73,37.68,36.96,89.9,4.94
48367,Parker County,TX,230074.99,448140.31,67545.0,101485.0,15.33,27.41,94.78,50.25,168.66,12.08
48369,Parmer County,TX,108911.8,154450.03,46827.0,68598.0,10.47,13.98,41.81,46.49,95.6,3.51
48373,Polk County,TX,121689.21,184972.98,42746.0,65522.0,12.81,17.53,52.0,53.28,109.66,4.71
48375,Potter County,TX,83018.69,146764.41,40353.0,53656.0,9.26,16.98,76.78,32.97,143.84,7.72
48379,Rains County,TX,151130.71,290348.78,46698.0,66146.0,14.57,27.25,92.12,41.65,164.99,12.68
48381,Randall County,TX,160913.84,255295.5,62080.0,83677.0,11.67,18.94,58.65,34.79,118.83,7.27
48387,Red River County,TX,121023.35,173793.09,36347.0,52978.0,14.99,20.37,43.6,45.76,98.07,5.38
48391,Refugio County,TX,118314.33,154226.11,45562.0,68639.0,11.69,13.95,30.35,50.65,79.8,2.26
48395,Robertson County,TX,189448.16,269154.95,53635.0,61886.0,15.9,27.0,42.07,15.38,95.96,11.1
48397,Rockwall County,TX,236702.49,439163.47,92150.0,120317.0,11.56,22.66,85.53,30.57,155.91,11.1
48399,Runnels County,TX,104298.98,141413.82,39404.0,57607.0,11.91,15.24,35.59,46.2,87.02,3.33
48401,Rusk County,TX,137372.82,205883.75,49347.0,67655.0,12.53,18.89,49.87,37.1,106.72,6.36
48405,San Augustine County,TX,138584.01,182051.48,33156.0,50976.0,18.81,22.17,31.37,53.75,81.19,3.36
48407,San Jacinto County,TX,145838.4,228101.68,42371.0,62182.0,15.49,22.77,56.41,46.76,115.74,7.28
48409,San Patricio County,TX,153203.25,214375.56,52952.0,69930.0,13.02,19.03,39.93,32.06,93.01,6.01
48415,Scurry County,TX,125822.36,141219.12,57385.0,68306.0,9.87,12.84,12.24,19.03,54.81,2.97
48419,Shelby County,TX,180869.81,231626.04,41519.0,58737.0,19.61,24.48,28.06,41.47,76.64,4.87
48423,Smith County,TX,149086.58,272537.57,49364.0,75620.0,13.59,22.37,82.8,53.19,152.15,8.78
48425,Somervell County,TX,219960.89,412454.22,58040.0,82779.0,17.06,30.93,87.51,42.62,158.64,13.88
48427,Starr County,TX,132224.42,144421.19,28292.0,37375.0,21.04,23.99,9.22,32.1,50.66,2.95
48429,Stephens County,TX,140754.9,172698.93,45410.0,57983.0,13.95,18.49,22.69,27.69,69.24,4.54
48437,Swisher County,TX,65978.99,107183.73,40584.0,60199.0,7.32,11.05,62.45,48.33,124.07,3.74
48439,Tarrant County,TX,161061.77,339320.85,60735.0,85208.0,11.94,24.72,110.68,40.29,190.59,12.79
48441,Taylor County,TX,127375.28,208946.65,47388.0,64490.0,12.1,20.11,64.04,36.09,126.26,8.02
48445,Terry County,TX,139325.69,131775.26,43357.0,52129.0,14.46,15.69,-5.42,20.23,30.46,1.23
48449,Titus County,TX,123348.19,239648.46,41538.0,61204.0,13.37,24.31,94.29,47.34,167.98,10.94
48451,Tom Green County,TX,139736.13,236258.87,47756.0,69148.0,13.17,21.21,69.08,44.79,133.21,8.04
48453,Travis County,TX,306002.09,533820.48,65244.0,97487.0,21.11,33.99,74.45,49.42,140.62,12.88
48455,Trinity County,TX,108806.44,183583.39,37213.0,53638.0,13.16,21.25,68.72,44.14,132.73,8.09
48457,Tyler County,TX,115365.85,174138.03,40820.0,60052.0,12.72,18.0,50.94,47.11,108.2,5.28
48459,Upshur County,TX,141996.97,236910.96,45494.0,69431.0,14.05,21.18,66.84,52.62,130.13,7.14
48463,Uvalde County,TX,155973.44,201191.42,37700.0,53955.0,18.62,23.15,28.99,43.12,77.92,4.53
48465,Val Verde County,TX,129242.85,214927.6,42465.0,61751.0,13.7,21.61,66.3,45.42,129.38,7.91
48467,Van Zandt County,TX,151770.56,286986.97,47252.0,67538.0,14.46,26.38,89.09,42.93,160.82,11.92
48471,Walker County,TX,165406.54,275820.12,41429.0,58095.0,17.97,29.47,66.75,40.23,130.01,11.5
48473,Waller County,TX,224038.94,374137.87,50746.0,83520.0,19.87,27.81,67.0,64.58,130.34,7.94
48475,Ward County,TX,175102.55,194467.68,57570.0,72414.0,13.69,16.67,11.06,25.78,53.19,2.98
48477,Washington County,TX,216997.04,373372.39,51879.0,73738.0,18.83,31.43,72.06,42.13,137.33,12.61
48479,Webb County,TX,145972.75,210467.82,39237.0,58736.0,16.74,22.25,44.18,49.7,98.87,5.5
48481,Wharton County,TX,159187.29,248179.93,45198.0,61887.0,15.85,24.9,55.9,36.92,115.04,9.04
48485,Wichita County,TX,91948.68,167723.44,45430.0,65480.0,9.11,15.9,82.41,44.13,151.6,6.79
48487,Wilbarger County,TX,87802.44,115304.72,43073.0,56755.0,9.17,12.61,31.32,31.76,81.14,3.44
48489,Willacy County,TX,155137.16,198542.05,30287.0,46616.0,23.05,26.44,27.98,53.91,76.52,3.39
48493,Wilson County,TX,242381.56,400847.25,68805.0,97327.0,15.86,25.57,65.38,41.45,128.11,9.71
48495,Winkler County,TX,65339.57,125042.64,55331.0,73437.0,5.32,10.57,91.37,32.72,163.97,5.26
48497,Wise County,TX,194124.13,386260.74,58367.0,96255.0,14.97,24.91,98.98,64.91,174.45,9.94
48499,Wood County,TX,143780.79,275966.43,45753.0,63102.0,14.14,27.15,91.94,37.92,164.74,13.01
48503,Young County,TX,107036.14,184039.52,49079.0,66213.0,9.82,17.26,71.94,34.91,137.16,7.44
48505,Zapata County,TX,131947.89,142070.36,35754.0,43517.0,16.61,20.27,7.67,21.71,48.51,3.66
48507,Zavala County,TX,70274.29,84888.76,27711.0,41554.0,11.41,12.68,20.8,49.95,66.62,1.27
49003,Box Elder County,UT,183397.61,436054.32,58380.0,96063.0,14.14,28.18,137.76,64.55,227.95,14.04
49005,Cache County,UT,197570.18,456195.01,51951.0,81598.0,17.12,34.71,130.9,57.07,218.49,17.59
49011,Davis County,UT,244746.48,538033.47,72268.0,106675.0,15.24,31.31,119.83,47.61,203.22,16.07
49013,Duchesne County,UT,189562.22,344652.37,63149.0,78877.0,13.51,27.13,81.81,24.91,150.78,13.62
49019,Grand County,UT,267708.74,603391.52,44858.0,73626.0,26.86,50.88,125.39,64.13,210.89,24.02
49021,Iron County,UT,170283.61,394145.82,45118.0,73868.0,16.99,33.13,131.46,63.72,219.26,16.14
49023,Juab County,UT,186498.3,430756.51,55201.0,96740.0,15.21,27.64,130.97,75.25,218.58,12.44
49025,Kane County,UT,185320.24,412907.03,47530.0,73412.0,17.55,34.92,122.81,54.45,207.32,17.37
49027,Millard County,UT,150831.76,315301.97,52206.0,78297.0,13.0,25.0,109.04,49.98,188.34,12.0
49029,Morgan County,UT,324046.54,720707.58,81358.0,126482.0,17.93,35.37,122.41,55.46,206.77,17.45
49033,Rich County,UT,214984.41,555650.59,58645.0,72337.0,16.5,47.69,158.46,23.35,256.5,31.19
49035,Salt Lake County,UT,264111.58,557939.96,65549.0,99008.0,18.14,34.98,111.25,51.04,191.38,16.85
49037,San Juan County,UT,174093.77,352890.79,39305.0,63019.0,19.94,34.76,102.7,60.33,179.59,14.83
49039,Sanpete County,UT,139848.6,361427.37,46929.0,71940.0,13.41,31.19,158.44,53.3,256.47,17.78
49041,Sevier County,UT,139425.53,318307.68,48711.0,74469.0,12.88,26.54,128.3,52.88,214.9,13.65
49043,Summit County,UT,561832.69,1250709.67,93235.0,132012.0,27.12,58.82,122.61,41.59,207.05,31.7
49045,Tooele County,UT,210160.67,480472.54,67938.0,111901.0,13.92,26.66,128.62,64.71,215.34,12.73
49047,Uintah County,UT,222287.25,330455.34,67561.0,79128.0,14.81,25.93,48.66,17.12,105.05,11.12
49049,Utah County,UT,252228.2,529437.41,65425.0,100611.0,17.35,32.67,109.9,53.78,189.52,15.32
49051,Wasatch County,UT,387858.93,929546.44,75112.0,129019.0,23.24,44.73,139.66,71.77,230.57,21.49
49053,Washington County,UT,241537.17,532741.57,54398.0,86715.0,19.98,38.14,120.56,59.41,204.23,18.16
49057,Weber County,UT,183324.57,451000.56,58786.0,88111.0,14.04,31.78,146.01,49.88,239.33,17.74
50001,Addison County,VT,278933.19,446384.94,58408.0,88588.0,21.49,31.28,60.03,51.67,120.74,9.79
50003,Bennington County,VT,238456.96,394521.95,50506.0,71854.0,21.25,34.09,65.45,42.27,128.21,12.84
50005,Caledonia County,VT,177941.38,310064.09,46403.0,68356.0,17.26,28.16,74.25,47.31,140.35,10.9
50007,Chittenden County,VT,309158.59,518781.16,67112.0,91413.0,20.73,35.23,67.8,36.21,131.46,14.5
50009,Essex County,VT,137851.43,237075.37,41764.0,56992.0,14.86,25.82,71.98,36.46,137.21,10.97
50011,Franklin County,VT,215082.08,375576.86,59280.0,83266.0,16.33,28.0,74.62,40.46,140.86,11.67
50013,Grand Isle County,VT,278897.82,465008.67,68342.0,98799.0,18.37,29.22,66.73,44.57,129.98,10.85
50015,Lamoille County,VT,294491.25,518529.3,54076.0,87863.0,24.51,36.64,76.08,62.48,142.87,12.13
50017,Orange County,VT,221011.06,351448.5,54552.0,80532.0,18.23,27.09,59.02,47.62,119.34,8.86
50019,Orleans County,VT,176534.5,293220.02,42884.0,66367.0,18.53,27.43,66.1,54.76,129.1,8.9
50021,Rutland County,VT,185727.33,313701.27,51164.0,69554.0,16.34,28.0,68.9,35.94,132.97,11.66
50023,Washington County,VT,236167.8,399283.85,56333.0,86050.0,18.87,28.81,69.07,52.75,133.2,9.94
50025,Windham County,VT,229915.67,394052.63,49298.0,69080.0,20.99,35.41,71.39,40.13,136.4,14.42
50027,Windsor County,VT,244561.24,421646.57,53984.0,76970.0,20.39,34.01,72.41,42.58,137.81,13.62
51001,Accomack County,VA,155872.07,243975.62,38690.0,60675.0,18.13,24.96,56.52,56.82,115.9,6.83
51003,Albemarle County,VA,327032.08,534474.73,71293.0,103657.0,20.65,32.01,63.43,45.4,125.42,11.36
51007,Amelia County,VA,150657.53,292770.13,53078.0,80689.0,12.78,22.53,94.33,52.02,168.04,9.75
51009,Amherst County,VA,151238.22,261066.61,48646.0,66607.0,13.99,24.33,72.62,36.92,138.1,10.34
51011,Appomattox County,VA,149021.97,267126.82,49461.0,68426.0,13.56,24.24,79.25,38.34,147.25,10.68
51013,Arlington County,VA,581245.67,800898.23,104354.0,133394.0,25.07,37.27,37.79,27.83,90.06,12.2
51015,Augusta County,VA,216847.54,336369.96,56867.0,80543.0,17.16,25.93,55.12,41.63,113.96,8.76
51019,Bedford County,VA,193749.94,332292.73,54153.0,77289.0,16.1,26.69,71.51,42.72,136.56,10.59
51021,Bland County,VA,112409.58,167620.83,44727.0,61952.0,11.31,16.8,49.12,38.51,105.68,5.49
51023,Botetourt County,VA,193069.75,298171.72,62591.0,92407.0,13.88,20.03,54.44,47.64,113.02,6.15
51025,Brunswick County,VA,162818.37,156947.81,39748.0,53438.0,18.44,18.23,-3.61,34.44,32.96,-0.2
51027,Buchanan County,VA,72415.33,93119.42,32433.0,47088.0,10.05,12.28,28.59,45.19,77.37,2.23
51029,Buckingham County,VA,136254.92,247363.28,43774.0,58848.0,14.01,26.1,81.54,34.44,150.41,12.09
51031,Campbell County,VA,150470.67,262945.41,46938.0,65111.0,14.43,25.07,74.75,38.72,141.03,10.64
51033,Caroline County,VA,184368.99,345589.2,54696.0,77152.0,15.17,27.81,87.44,41.06,158.55,12.64
51035,Carroll County,VA,124172.26,194259.85,42790.0,56924.0,13.06,21.19,56.44,33.03,115.79,8.12
51036,Charles City County,VA,163908.12,274661.93,51645.0,76595.0,14.28,22.26,67.57,48.31,131.13,7.98
51037,Charlotte County,VA,109704.35,181018.5,37819.0,58879.0,13.06,19.09,65.01,55.69,127.6,6.03
51041,Chesterfield County,VA,219740.94,400943.55,75107.0,101573.0,13.17,24.51,82.46,35.24,151.67,11.34
51043,Clarke County,VA,349256.81,542479.26,71789.0,104104.0,21.9,32.35,55.32,45.01,114.24,10.45
51045,Craig County,VA,141676.42,214383.39,47832.0,72014.0,13.33,18.48,51.32,50.56,108.72,5.15
51047,Culpeper County,VA,262234.74,465270.48,63728.0,93050.0,18.52,31.04,77.43,46.01,144.73,12.52
51049,Cumberland County,VA,134472.64,260804.32,40958.0,62104.0,14.78,26.07,93.95,51.63,167.51,11.29
51051,Dickenson County,VA,69790.72,101980.7,32620.0,50078.0,9.63,12.64,46.12,53.52,101.55,3.01
51053,Dinwiddie County,VA,126540.65,279799.01,52694.0,70913.0,10.81,24.5,121.11,34.58,204.99,13.69
51057,Essex County,VA,170519.06,291293.6,47427.0,64311.0,16.18,28.12,70.83,35.6,135.63,11.94
51059,Fairfax County,VA,507543.12,753526.53,112844.0,153889.0,20.24,30.4,48.47,36.37,104.78,10.15
51061,Fauquier County,VA,378225.93,609314.71,89610.0,118871.0,19.0,31.82,61.1,32.65,122.21,12.82
51063,Floyd County,VA,149155.33,253023.71,48448.0,64946.0,13.86,24.19,69.64,34.05,133.98,10.33
51065,Fluvanna County,VA,203965.05,367064.94,65899.0,94002.0,13.93,24.24,79.96,42.65,148.23,10.31
51067,Franklin County,VA,193861.68,343948.2,49117.0,71650.0,17.76,29.8,77.42,45.88,144.72,12.04
51069,Frederick County,VA,245428.99,417217.41,69991.0,95730.0,15.78,27.06,70.0,36.77,134.48,11.27
51071,Giles County,VA,112027.69,192914.19,46727.0,66417.0,10.79,18.03,72.2,42.14,137.52,7.24
51073,Gloucester County,VA,220056.33,351173.0,63742.0,84463.0,15.54,25.81,59.58,32.51,120.12,10.27
51075,Goochland County,VA,348328.92,549383.6,86257.0,121009.0,18.18,28.19,57.72,40.29,117.55,10.01
51077,Grayson County,VA,107915.5,192202.06,37684.0,52291.0,12.89,22.82,78.1,38.76,145.66,9.93
51079,Greene County,VA,214648.11,364530.45,60406.0,89231.0,15.99,25.36,69.83,47.72,134.25,9.37
51081,Greensville County,VA,88154.36,157407.23,40252.0,56795.0,9.86,17.21,78.56,41.1,146.29,7.35
51083,Halifax County,VA,85677.36,137116.79,40432.0,54620.0,9.54,15.58,60.04,35.09,120.74,6.05
51085,Hanover County,VA,262909.94,436610.71,81900.0,117424.0,14.45,23.08,66.07,43.37,129.06,8.63
51087,Henrico County,VA,215740.97,389098.61,65524.0,84671.0,14.82,28.53,80.35,29.22,148.77,13.71
51089,Henry County,VA,100132.35,155004.97,36695.0,54340.0,12.28,17.71,54.8,48.09,113.52,5.43
51093,Isle of Wight County,VA,254870.05,373153.43,67480.0,93107.0,17.0,24.88,46.41,37.98,101.95,7.88
51095,James City County,VA,308795.14,467160.51,77668.0,113101.0,17.89,25.64,51.28,45.62,108.67,7.75
51097,King and Queen County,VA,148033.46,265416.01,47513.0,61311.0,14.02,26.88,79.29,29.04,147.3,12.85
51099,King George County,VA,278947.19,458139.88,81128.0,110440.0,15.48,25.75,64.24,36.13,126.54,10.28
51101,King William County,VA,186103.23,337917.84,64651.0,90466.0,12.96,23.19,81.58,39.93,150.45,10.23
51103,Lancaster County,VA,239209.7,364258.5,47098.0,69909.0,22.86,32.35,52.28,48.43,110.04,9.49
51105,Lee County,VA,75504.86,96029.4,32135.0,43916.0,10.58,13.58,27.18,36.66,75.43,3.0
51107,Loudoun County,VA,478579.64,771223.74,125900.0,177457.0,17.11,26.98,61.15,40.95,122.28,9.87
51109,Louisa County,VA,215564.35,398559.64,57015.0,87062.0,17.02,28.42,84.89,52.7,155.02,11.4
51111,Lunenburg County,VA,90823.32,145428.44,38941.0,56412.0,10.5,16.0,60.12,44.87,120.86,5.51
51113,Madison County,VA,226659.39,406629.25,53655.0,83686.0,19.01,30.17,79.4,55.97,147.45,11.15
51115,Mathews County,VA,250062.03,343031.37,56119.0,78692.0,20.06,27.06,37.18,40.22,89.21,7.01
51117,Mecklenburg County,VA,110463.92,202286.88,33650.0,59944.0,14.78,20.95,83.12,78.14,152.59,6.17
51119,Middlesex County,VA,234566.42,367779.95,52407.0,74752.0,20.15,30.54,56.79,42.64,116.27,10.4
51121,Montgomery County,VA,190348.12,331121.59,51157.0,70511.0,16.75,29.15,73.96,37.83,139.94,12.41
51125,Nelson County,VA,196521.41,351169.43,49621.0,71448.0,17.83,30.51,78.69,43.99,146.47,12.69
51127,New Kent County,VA,254547.87,417715.27,79322.0,126545.0,14.44,20.49,64.1,59.53,126.35,6.05
51131,Northampton County,VA,163169.79,288964.13,37515.0,63587.0,19.58,28.21,77.09,69.5,144.27,8.64
51133,Northumberland County,VA,231675.28,364101.42,52075.0,73119.0,20.02,30.91,57.16,40.41,116.77,10.89
51135,Nottoway County,VA,105414.94,164080.66,39544.0,57326.0,12.0,17.77,55.65,44.97,114.69,5.77
51137,Orange County,VA,206031.45,370047.11,59482.0,87969.0,15.59,26.11,79.61,47.89,147.74,10.52
51139,Page County,VA,150633.91,294343.98,43313.0,63580.0,15.65,28.74,95.4,46.79,169.52,13.09
51141,Patrick County,VA,133915.99,192436.9,37360.0,54805.0,16.13,21.8,43.7,46.69,98.21,5.67
51143,Pittsylvania County,VA,109999.67,190339.07,42390.0,61655.0,11.68,19.17,73.04,45.45,138.67,7.49
51145,Powhatan County,VA,275919.78,462873.37,77761.0,109889.0,15.97,26.15,67.76,41.32,131.39,10.18
51147,Prince Edward County,VA,166422.89,236727.07,41088.0,58299.0,18.23,25.21,42.24,41.89,96.2,6.98
51149,Prince George County,VA,184613.79,338721.49,63320.0,80906.0,13.12,25.99,83.48,27.77,153.07,12.87
51153,Prince William County,VA,349937.95,566711.46,99206.0,128291.0,15.88,27.42,61.95,29.32,123.38,11.55
51155,Pulaski County,VA,148015.9,214688.19,48218.0,63762.0,13.82,20.9,45.04,32.24,100.06,7.09
51157,Rappahannock County,VA,358579.88,556146.17,62729.0,81343.0,25.73,42.45,55.1,29.67,113.93,16.72
51159,Richmond County,VA,145284.24,232262.47,43888.0,63040.0,14.9,22.87,59.87,43.64,120.51,7.97
51161,Roanoke County,VA,180475.49,318848.01,63372.0,85809.0,12.82,23.07,76.67,35.41,143.69,10.25
51163,Rockbridge County,VA,204897.36,319332.35,47561.0,75191.0,19.39,26.37,55.85,58.09,114.97,6.98
51165,Rockingham County,VA,206692.9,346579.2,52953.0,81772.0,17.57,26.31,67.68,54.42,131.28,8.74
51167,Russell County,VA,96991.94,142194.14,38386.0,52467.0,11.37,16.83,46.6,36.68,102.21,5.45
51169,Scott County,VA,82199.28,160713.04,37567.0,49890.0,9.85,20.0,95.52,32.8,169.68,10.15
51171,Shenandoah County,VA,189008.93,335041.33,54281.0,72392.0,15.67,28.73,77.26,33.37,144.5,13.06
51173,Smyth County,VA,92399.88,153108.51,38933.0,56075.0,10.68,16.95,65.7,44.03,128.56,6.27
51175,Southampton County,VA,156511.25,266402.96,48119.0,70013.0,14.64,23.62,70.21,45.5,134.78,8.98
51177,Spotsylvania County,VA,275292.73,446053.95,76181.0,107892.0,16.26,25.67,62.03,41.63,123.49,9.4
51179,Stafford County,VA,316693.67,523174.01,95666.0,134781.0,14.9,24.1,65.2,40.89,127.86,9.2
51181,Surry County,VA,171938.41,279140.87,51331.0,80189.0,15.08,21.61,62.35,56.22,123.93,6.53
51183,Sussex County,VA,110529.2,181384.37,39900.0,53197.0,12.47,21.17,64.11,33.33,126.35,8.7
51185,Tazewell County,VA,98200.22,141819.54,40476.0,52238.0,10.92,16.85,44.42,29.06,99.2,5.93
51187,Warren County,VA,207491.53,374138.04,58047.0,85203.0,16.09,27.26,80.31,46.78,148.71,11.17
51191,Washington County,VA,137506.18,249904.56,45864.0,63570.0,13.49,24.41,81.74,38.61,150.68,10.91
51193,Westmoreland County,VA,205798.76,306029.0,47581.0,70072.0,19.47,27.11,48.7,47.27,105.11,7.65
51195,Wise County,VA,87951.16,128454.65,36076.0,53925.0,10.97,14.79,46.05,49.48,101.45,3.82
51197,Wythe County,VA,116287.0,202240.9,42883.0,62294.0,12.21,20.16,73.92,45.27,139.88,7.95
51199,York County,VA,302854.44,446687.93,83007.0,109281.0,16.42,25.38,47.49,31.65,103.44,8.95
51510,Alexandria City,VA,475270.1,659957.74,89177.0,123840.0,23.99,33.08,38.86,38.87,91.53,9.1
51520,Bristol City,VA,91968.08,182435.33,38745.0,51498.0,10.68,21.99,98.37,32.92,173.61,11.31
51540,Charlottesville City,VA,287577.27,483067.59,54876.0,76296.0,23.59,39.31,67.98,39.03,131.7,15.72
51550,Chesapeake City,VA,254425.25,401570.78,67296.0,90226.0,17.02,27.63,57.83,34.07,117.7,10.61
51570,Colonial Heights City,VA,142288.56,281145.03,45283.0,68642.0,14.14,25.43,97.59,51.58,172.54,11.28
51590,Danville City,VA,67527.12,134802.34,32369.0,47220.0,9.39,17.72,99.63,45.88,175.35,8.33
51595,Emporia City,VA,68589.03,154247.97,33904.0,48306.0,9.11,19.82,124.89,42.48,210.19,10.72
51600,Fairfax City,VA,500049.37,745060.53,99671.0,126239.0,22.58,36.64,49.0,26.66,105.52,14.06
51610,Falls Church City,VA,741613.36,1062200.97,122092.0,161600.0,27.34,40.81,43.23,32.36,97.56,13.47
51620,Franklin City,VA,125327.54,219863.64,36004.0,51516.0,15.67,26.5,75.43,43.08,141.98,10.83
51630,Fredericksburg City,VA,294505.08,459530.27,50710.0,81253.0,26.14,35.11,56.03,60.23,115.22,8.97
51650,Hampton City,VA,161061.66,279184.65,50191.0,68468.0,14.44,25.31,73.34,36.41,139.09,10.87
51660,Harrisonburg City,VA,200044.79,307682.08,39967.0,63973.0,22.53,29.86,53.81,60.06,112.15,7.33
51670,Hopewell City,VA,90886.43,214294.06,37193.0,52359.0,11.0,25.41,135.78,40.78,225.22,14.41
51678,Lexington City,VA,213473.28,325468.94,44392.0,62033.0,21.64,32.57,52.46,39.74,110.3,10.93
51680,Lynchburg City,VA,131442.06,244191.96,39939.0,57883.0,14.81,26.19,85.78,44.93,156.25,11.38
51683,Manassas City,VA,287184.06,480603.95,72562.0,88786.0,17.81,33.61,67.35,22.36,130.83,15.79
51685,Manassas Park City,VA,260060.06,444387.19,75429.0,99695.0,15.52,27.67,70.88,32.17,135.7,12.15
51690,Martinsville City,VA,60180.48,103476.28,32541.0,48663.0,8.32,13.2,71.94,49.54,137.16,4.88
51700,Newport News City,VA,167703.67,283798.95,48127.0,67970.0,15.68,25.92,69.23,41.23,133.42,10.24
51710,Norfolk City,VA,192241.96,309860.86,45094.0,64281.0,19.19,29.93,61.18,42.55,122.32,10.74
51720,Norton City,VA,76806.78,128085.28,31287.0,47508.0,11.05,16.74,66.76,51.85,130.02,5.69
51730,Petersburg City,VA,49208.66,201030.84,31645.0,47130.0,7.0,26.48,308.53,48.93,463.49,19.48
51735,Poquoson City,VA,299261.61,445940.39,86135.0,115073.0,15.64,24.06,49.01,33.6,105.54,8.42
51740,Portsmouth City,VA,150766.38,261696.36,46308.0,61783.0,14.65,26.3,73.58,33.42,139.42,11.64
51750,Radford City,VA,150242.54,248702.52,35259.0,53268.0,19.18,28.99,65.53,51.08,128.32,9.81
51760,Richmond City,VA,179225.77,363692.83,40161.0,63865.0,20.09,35.35,102.92,59.02,179.9,15.27
51770,Roanoke City,VA,109882.99,217261.03,39587.0,59858.0,12.49,22.53,97.72,51.21,172.72,10.04
51775,Salem City,VA,160448.22,273476.11,47600.0,66996.0,15.17,25.34,70.45,40.75,135.1,10.17
51790,Staunton City,VA,153723.66,271374.6,43401.0,66646.0,15.94,25.28,76.53,53.56,143.5,9.34
51800,Suffolk City,VA,227262.1,373613.29,61171.0,93557.0,16.72,24.79,64.4,52.94,126.76,8.07
51810,Virginia Beach City,VA,261105.76,408085.82,67032.0,93989.0,17.53,26.95,56.29,40.22,115.58,9.42
51820,Waynesboro City,VA,162618.2,284664.77,43500.0,64070.0,16.83,27.58,75.05,47.29,141.45,10.76
51830,Williamsburg City,VA,278291.87,402169.13,47971.0,71436.0,26.11,34.95,44.51,48.91,99.33,8.84
51840,Winchester City,VA,192915.38,339888.51,47679.0,64655.0,18.21,32.64,76.19,35.6,143.02,14.42
53001,Adams County,WA,141293.39,306185.67,48127.0,66089.0,13.21,28.76,116.7,37.32,198.9,15.55
53003,Asotin County,WA,200982.93,345188.59,46573.0,70914.0,19.42,30.22,71.75,52.26,136.9,10.8
53005,Benton County,WA,209929.16,448465.44,62698.0,91289.0,15.07,30.5,113.63,45.6,194.66,15.43
53007,Chelan County,WA,275417.08,542131.35,53604.0,79974.0,23.13,42.08,96.84,49.19,171.51,18.96
53009,Clallam County,WA,221121.09,491423.8,46708.0,74311.0,21.31,41.05,122.24,59.1,206.54,19.75
53011,Clark County,WA,271659.84,554342.7,64282.0,99396.0,19.02,34.62,104.06,54.62,181.46,15.6
53015,Cowlitz County,WA,187280.76,425675.5,50502.0,78357.0,16.69,33.73,127.29,55.16,213.51,17.03
53017,Douglas County,WA,243816.41,480161.07,51400.0,76714.0,21.35,38.86,96.94,49.25,171.64,17.51
53019,Ferry County,WA,176583.25,277437.32,40747.0,59801.0,19.51,28.8,57.11,46.76,116.71,9.3
53021,Franklin County,WA,187137.39,422040.34,58246.0,81405.0,14.46,32.19,125.52,39.76,211.07,17.73
53023,Garfield County,WA,108214.78,214070.87,47087.0,68604.0,10.34,19.37,97.82,45.7,172.86,9.03
53025,Grant County,WA,167695.49,359630.79,50573.0,71710.0,14.92,31.13,114.45,41.8,195.8,16.21
53027,Grays Harbor County,WA,137651.93,335869.81,44345.0,62481.0,13.97,33.37,144.0,40.9,236.55,19.4
53029,Island County,WA,305175.45,633134.05,60567.0,88776.0,22.68,44.28,107.47,46.57,186.16,21.6
53031,Jefferson County,WA,278002.8,594899.96,53421.0,80245.0,23.42,46.02,113.99,50.21,195.16,22.6
53033,King County,WA,432981.95,876774.53,81816.0,121984.0,23.82,44.62,102.5,49.1,179.31,20.8
53035,Kitsap County,WA,280171.53,573746.95,65814.0,107964.0,19.16,32.99,104.78,64.04,182.46,13.83
53037,Kittitas County,WA,238664.44,504350.29,47378.0,78875.0,22.67,39.7,111.32,66.48,191.48,17.02
53039,Klickitat County,WA,216164.69,474553.29,50043.0,73060.0,19.44,40.32,119.53,45.99,202.81,20.88
53041,Lewis County,WA,169476.3,426156.01,47619.0,78178.0,16.02,33.84,151.45,64.17,246.84,17.82
53043,Lincoln County,WA,142343.3,319145.05,49774.0,62764.0,12.87,31.57,124.21,26.1,209.25,18.7
53045,Mason County,WA,189241.71,453934.52,54175.0,84112.0,15.72,33.5,139.87,55.26,230.86,17.78
53047,Okanogan County,WA,167394.62,308533.9,41844.0,59401.0,18.01,32.25,84.32,41.96,154.23,14.24
53049,Pacific County,WA,141647.99,339182.62,41088.0,67828.0,15.52,31.04,139.45,65.08,230.28,15.53
53051,Pend Oreille County,WA,168708.93,364392.3,41526.0,67189.0,18.29,33.67,115.99,61.8,197.92,15.38
53053,Pierce County,WA,254928.01,570689.46,60168.0,100125.0,19.07,35.38,123.86,66.41,208.78,16.32
53055,San Juan County,WA,462888.55,916185.45,59859.0,84476.0,34.81,67.33,97.93,41.12,173.01,32.53
53057,Skagit County,WA,256792.09,570449.81,56891.0,89774.0,20.32,39.45,122.14,57.8,206.41,19.13
53059,Skamania County,WA,262840.36,562235.48,53733.0,89706.0,22.02,38.91,113.91,66.95,195.05,16.89
53061,Snohomish County,WA,329787.04,751990.33,76053.0,109146.0,19.52,42.77,128.02,43.51,214.52,23.26
53063,Spokane County,WA,182421.08,429513.22,48676.0,85192.0,16.87,31.3,135.45,75.02,224.76,14.43
53065,Stevens County,WA,171532.11,360221.88,42845.0,69312.0,18.02,32.26,110.0,61.77,189.66,14.24
53067,Thurston County,WA,247279.35,527835.23,62299.0,97316.0,17.87,33.67,113.46,56.21,194.43,15.81
53069,Wahkiakum County,WA,157565.85,385939.27,50402.0,77412.0,14.07,30.95,144.94,53.59,237.85,16.88
53071,Walla Walla County,WA,197034.6,405925.68,50120.0,72788.0,17.69,34.62,106.02,45.23,184.16,16.93
53073,Whatcom County,WA,284022.13,608259.69,55073.0,85471.0,23.21,44.18,114.16,55.2,195.39,20.97
53075,Whitman County,WA,181886.58,337582.75,43817.0,59641.0,18.68,35.14,85.6,36.11,156.0,16.46
53077,Yakima County,WA,164035.94,346053.7,46891.0,72458.0,15.75,29.65,110.96,54.52,190.98,13.9
54001,Barbour County,WV,87108.13,125349.23,37330.0,52771.0,10.5,14.75,43.9,41.36,98.49,4.24
54003,Berkeley County,WV,161906.13,300855.55,54217.0,82567.0,13.44,22.62,85.82,52.29,156.31,9.18
54005,Boone County,WV,77415.13,98502.73,37971.0,52928.0,9.18,11.55,27.24,39.39,75.5,2.38
54009,Brooke County,WV,80060.5,124439.79,45272.0,60780.0,7.96,12.71,55.43,34.26,114.39,4.75
54011,Cabell County,WV,103108.89,151403.33,39044.0,57512.0,11.89,16.34,46.84,47.3,102.54,4.46
54017,Doddridge County,WV,78451.7,121216.8,41115.0,59779.0,8.59,12.59,54.51,45.39,113.12,4.0
54023,Grant County,WV,111536.64,176302.85,38370.0,56277.0,13.08,19.45,58.07,46.67,118.03,6.37
54025,Greenbrier County,WV,118702.55,190577.77,38209.0,55405.0,13.98,21.35,60.55,45.01,121.45,7.37
54027,Hampshire County,WV,138958.74,240966.96,40293.0,63929.0,15.52,23.4,73.41,58.66,139.19,7.88
54029,Hancock County,WV,76686.13,127034.97,42009.0,61526.0,8.22,12.82,65.66,46.46,128.49,4.6
54031,Hardy County,WV,115954.36,214936.88,41344.0,60209.0,12.62,22.16,85.36,45.63,155.68,9.54
54033,Harrison County,WV,102614.98,145252.31,46979.0,63576.0,9.83,14.18,41.55,35.33,95.24,4.35
54035,Jackson County,WV,112168.88,189168.2,44675.0,63024.0,11.3,18.63,68.65,41.07,132.62,7.33
54037,Jefferson County,WV,209746.18,370297.42,67821.0,92550.0,13.92,24.84,76.55,36.46,143.51,10.92
54039,Kanawha County,WV,99889.99,147045.57,44849.0,62137.0,10.02,14.69,47.21,38.55,103.05,4.67
54041,Lewis County,WV,90287.13,133571.85,39601.0,57454.0,10.26,14.43,47.94,45.08,104.06,4.17
54045,Logan County,WV,76643.53,105301.83,35615.0,48120.0,9.69,13.59,37.39,35.11,89.51,3.9
54049,Marion County,WV,106181.52,158546.59,43654.0,61504.0,10.95,16.0,49.32,40.89,105.96,5.06
54051,Marshall County,WV,95547.97,129182.81,48109.0,58419.0,8.94,13.73,35.2,21.43,86.49,4.79
54053,Mason County,WV,86697.16,143121.86,35717.0,56080.0,10.93,15.84,65.08,57.01,127.7,4.92
54055,Mercer County,WV,81741.17,144110.89,35342.0,54317.0,10.41,16.47,76.3,53.69,143.18,6.06
54057,Mineral County,WV,127204.53,190751.94,43159.0,63375.0,13.27,18.69,49.96,46.84,106.84,5.42
54061,Monongalia County,WV,197540.32,257191.62,46718.0,67259.0,19.03,23.74,30.2,43.97,79.58,4.71
54063,Monroe County,WV,102853.43,168918.78,34974.0,56789.0,13.24,18.47,64.23,62.37,126.53,5.23
54065,Morgan County,WV,150631.17,284395.45,45628.0,67722.0,14.86,26.07,88.8,48.42,160.42,11.21
54067,Nicholas County,WV,93156.22,144036.01,38912.0,53678.0,10.78,16.66,54.62,37.95,113.27,5.88
54069,Ohio County,WV,106411.64,147312.41,46315.0,56892.0,10.34,16.07,38.44,22.84,90.95,5.73
54071,Pendleton County,WV,103715.1,182242.35,40257.0,63245.0,11.6,17.89,75.71,57.1,142.37,6.29
54073,Pleasants County,WV,93087.12,153464.86,48308.0,63468.0,8.67,15.01,64.86,31.38,127.4,6.34
54075,Pocahontas County,WV,98415.76,166571.09,36822.0,52248.0,12.03,19.79,69.25,41.89,133.45,7.76
54077,Preston County,WV,87495.96,129305.02,43804.0,63370.0,8.99,12.67,47.78,44.67,103.84,3.68
54079,Putnam County,WV,157902.59,231607.91,58933.0,80834.0,12.06,17.79,46.68,37.16,102.32,5.73
54081,Raleigh County,WV,100849.09,158489.13,38564.0,55834.0,11.77,17.62,57.15,44.78,116.77,5.85
54085,Ritchie County,WV,79250.52,125960.88,39501.0,58610.0,9.03,13.34,58.94,48.38,119.23,4.31
54087,Roane County,WV,88812.85,123810.34,36176.0,49728.0,11.05,15.46,39.41,37.46,92.29,4.41
54089,Summers County,WV,86166.85,142881.16,35676.0,45580.0,10.87,19.46,65.82,27.76,128.72,8.59
54091,Taylor County,WV,102502.43,180292.67,43652.0,61452.0,10.57,18.21,75.89,40.78,142.61,7.65
54093,Tucker County,WV,124072.17,211232.45,38000.0,56204.0,14.7,23.33,70.25,47.91,134.83,8.64
54099,Wayne County,WV,93146.34,134717.07,35537.0,61452.0,11.8,13.61,44.63,72.92,99.49,1.81
54107,Wood County,WV,110651.11,168681.49,41133.0,59516.0,12.11,17.6,52.44,44.69,110.27,5.49
55001,Adams County,WI,106137.88,225706.28,42844.0,61027.0,11.15,22.96,112.65,42.44,193.32,11.81
55003,Ashland County,WI,124451.83,205796.14,40163.0,61524.0,13.95,20.77,65.36,53.19,128.09,6.82
55005,Barron County,WI,137118.79,261878.25,51056.0,69400.0,12.09,23.43,90.99,35.93,163.43,11.34
55007,Bayfield County,WI,168939.58,290550.33,50080.0,71352.0,15.18,25.28,71.98,42.48,137.22,10.1
55009,Brown County,WI,163792.46,324884.52,56003.0,80803.0,13.16,24.96,98.35,44.28,173.59,11.8
55011,Buffalo County,WI,130992.43,232045.52,53892.0,71901.0,10.94,20.04,77.14,33.42,144.34,9.1
55013,Burnett County,WI,147570.66,291255.95,44858.0,65340.0,14.81,27.67,97.37,45.66,172.23,12.87
55015,Calumet County,WI,186372.29,346767.45,71298.0,94597.0,11.77,22.76,86.06,32.68,156.64,10.99
55017,Chippewa County,WI,156679.45,302272.57,53209.0,72337.0,13.25,25.94,92.92,35.95,166.1,12.69
55019,Clark County,WI,116128.42,196016.45,50187.0,65586.0,10.41,18.55,68.79,30.68,132.82,8.14
55021,Columbia County,WI,175903.41,325072.02,60837.0,85096.0,13.01,23.72,84.8,39.88,154.9,10.7
55023,Crawford County,WI,123848.32,210886.05,44895.0,63412.0,12.42,20.65,70.28,41.25,134.87,8.23
55025,Dane County,WI,249079.33,448424.98,65416.0,91479.0,17.14,30.43,80.03,39.84,148.32,13.29
55027,Dodge County,WI,156811.8,288603.6,56514.0,78999.0,12.49,22.68,84.04,39.79,153.86,10.19
55029,Door County,WI,209548.35,410703.26,55047.0,84480.0,17.13,30.18,95.99,53.47,170.34,13.05
55031,Douglas County,WI,133365.6,241438.0,48715.0,71130.0,12.32,21.07,81.03,46.01,149.7,8.75
55033,Dunn County,WI,156646.04,301209.75,53082.0,75324.0,13.28,24.83,92.29,41.9,165.23,11.54
55035,Eau Claire County,WI,165236.32,312415.28,51937.0,77827.0,14.32,24.92,89.07,49.85,160.79,10.6
55037,Florence County,WI,113413.54,186073.49,46193.0,71049.0,11.05,16.26,64.07,53.81,126.3,5.21
55039,Fond du Lac County,WI,147132.42,267975.36,58049.0,77061.0,11.41,21.59,82.13,32.75,151.22,10.18
55041,Forest County,WI,126309.8,198405.22,44098.0,62251.0,12.89,19.79,57.08,41.17,116.66,6.89
55043,Grant County,WI,128174.81,212195.85,51008.0,73612.0,11.31,17.9,65.55,44.31,128.35,6.59
55045,Green County,WI,161038.78,304729.43,59155.0,82472.0,12.25,22.94,89.23,39.42,161.0,10.69
55047,Green Lake County,WI,153720.22,266700.44,49493.0,73849.0,13.98,22.42,73.5,49.21,139.31,8.44
55049,Iowa County,WI,172450.59,319100.09,58092.0,79607.0,13.36,24.88,85.04,37.04,155.23,11.52
55051,Iron County,WI,125119.74,206974.85,42328.0,60564.0,13.3,21.22,65.42,43.08,128.17,7.91
55053,Jackson County,WI,127554.26,207495.84,50653.0,66149.0,11.33,19.47,62.67,30.59,124.38,8.14
55055,Jefferson County,WI,184177.28,337171.15,61622.0,84325.0,13.45,24.82,83.07,36.84,152.51,11.37
55057,Juneau County,WI,113622.48,233385.09,46051.0,70607.0,11.11,20.52,105.4,53.32,183.32,9.42
55059,Kenosha County,WI,154438.04,302010.38,56414.0,83504.0,12.32,22.45,95.55,48.02,169.73,10.13
55061,Kewaunee County,WI,142370.72,283598.24,60572.0,82143.0,10.58,21.43,99.2,35.61,174.76,10.85
55063,La Crosse County,WI,180101.41,317031.01,51428.0,76443.0,15.76,25.75,76.03,48.64,142.8,9.98
55065,Lafayette County,WI,115584.15,212518.29,56428.0,76636.0,9.22,17.22,83.86,35.81,153.61,8.0
55067,Langlade County,WI,115436.11,198375.7,44635.0,58661.0,11.64,20.99,71.85,31.42,137.03,9.35
55069,Lincoln County,WI,129745.8,223371.66,51406.0,72835.0,11.36,19.04,72.16,41.69,137.47,7.68
55071,Manitowoc County,WI,123803.19,237828.79,51951.0,71188.0,10.73,20.74,92.1,37.03,164.97,10.01
55073,Marathon County,WI,137573.98,243245.91,56347.0,79414.0,10.99,19.02,76.81,40.94,143.88,8.03
55075,Marinette County,WI,103869.77,190712.23,48545.0,64731.0,9.63,18.29,83.61,33.34,153.25,8.66
55077,Marquette County,WI,125839.76,246034.15,48508.0,70208.0,11.68,21.76,95.51,44.73,169.68,10.08
55079,Milwaukee County,WI,137887.99,273797.03,45905.0,66339.0,13.52,25.62,98.56,44.51,173.88,12.1
55081,Monroe County,WI,138969.02,241281.52,52975.0,73607.0,11.81,20.35,73.62,38.95,139.48,8.54
55083,Oconto County,WI,133435.69,277781.97,53243.0,75147.0,11.28,22.95,108.18,41.14,187.14,11.67
55085,Oneida County,WI,180921.83,302508.42,50297.0,70870.0,16.19,26.5,67.2,40.9,130.63,10.31
55087,Outagamie County,WI,159834.95,310135.82,60649.0,82847.0,11.86,23.24,94.04,36.6,167.64,11.38
55089,Ozaukee County,WI,284450.36,461817.97,80135.0,105783.0,15.98,27.1,62.35,32.01,123.94,11.13
55091,Pepin County,WI,118873.93,244668.56,50094.0,75176.0,10.68,20.21,105.82,50.07,183.89,9.52
55093,Pierce County,WI,196626.73,355430.36,63735.0,97746.0,13.89,22.57,80.76,53.36,149.33,8.69
55095,Polk County,WI,157947.09,321548.91,54946.0,74144.0,12.94,26.92,103.58,34.94,180.8,13.99
55097,Portage County,WI,159753.92,275219.01,57010.0,74650.0,12.61,22.89,72.28,30.94,137.62,10.28
55099,Price County,WI,113041.0,187201.06,44932.0,65405.0,11.32,17.77,65.6,45.56,128.42,6.45
55101,Racine County,WI,151309.88,288160.2,57367.0,79354.0,11.87,22.54,90.44,38.33,162.68,10.67
55103,Richland County,WI,122307.37,225340.63,46998.0,67891.0,11.71,20.61,84.24,44.46,154.13,8.89
55105,Rock County,WI,128539.39,264780.38,54107.0,73982.0,10.69,22.22,105.99,36.73,184.13,11.53
55107,Rusk County,WI,110348.41,198833.3,42289.0,61716.0,11.74,20.0,80.19,45.94,148.54,8.26
55109,Saint Croix County,WI,223383.99,407221.15,74624.0,99439.0,13.47,25.42,82.3,33.25,151.45,11.95
55111,Sauk County,WI,180771.86,325365.9,52025.0,77228.0,15.64,26.16,79.99,48.44,148.26,10.52
55113,Sawyer County,WI,180380.73,323596.88,44556.0,65658.0,18.22,30.6,79.4,47.36,147.45,12.38
55115,Shawano County,WI,120190.97,237532.47,50948.0,67138.0,10.62,21.96,97.63,31.78,172.59,11.35
55117,Sheboygan County,WI,147563.27,291121.92,58190.0,75423.0,11.41,23.96,97.29,29.62,172.12,12.55
55119,Taylor County,WI,143099.0,217832.72,48951.0,71308.0,13.16,18.96,52.23,45.67,109.97,5.81
55121,Trempealeau County,WI,144420.21,249587.78,53695.0,79544.0,12.11,19.48,72.82,48.14,138.37,7.37
55123,Vernon County,WI,147473.04,249884.28,49217.0,70437.0,13.49,22.02,69.44,43.12,133.72,8.54
55125,Vilas County,WI,239724.82,390166.52,42993.0,68564.0,25.1,35.33,62.76,59.48,124.49,10.23
55127,Walworth County,WI,203261.54,386414.15,58554.0,83061.0,15.62,28.88,90.11,41.85,162.22,13.26
55129,Washburn County,WI,142073.94,291572.2,45043.0,68153.0,14.2,26.56,105.23,51.31,183.07,12.36
55131,Washington County,WI,222567.07,390107.06,70778.0,90279.0,14.15,26.83,75.28,27.55,141.76,12.67
55133,Waukesha County,WI,272555.02,465036.11,78689.0,103789.0,15.59,27.82,70.62,31.9,135.34,12.23
55135,Waupaca County,WI,140565.86,257829.01,54849.0,76754.0,11.53,20.85,83.42,39.94,153.0,9.32
55137,Waushara County,WI,138591.2,249692.9,49912.0,72502.0,12.5,21.38,80.17,45.26,148.51,8.88
55139,Winnebago County,WI,148511.79,275126.38,52725.0,72564.0,12.68,23.54,85.26,37.63,155.53,10.86
55141,Wood County,WI,116970.91,206895.1,51025.0,68299.0,10.32,18.81,76.88,33.85,143.97,8.49
56001,Albany County,WY,222389.88,354873.74,44455.0,65303.0,22.52,33.74,59.57,46.9,120.1,11.22
56003,Big Horn County,WY,146905.49,260036.32,50056.0,66663.0,13.21,24.22,77.01,33.18,144.15,11.01
56005,Campbell County,WY,252435.19,330975.71,83042.0,90961.0,13.68,22.59,31.11,9.54,80.85,8.91
56007,Carbon County,WY,156221.81,199208.02,60209.0,75927.0,11.68,16.29,27.52,26.11,75.89,4.61
56009,Converse County,WY,201765.08,291497.18,70307.0,86030.0,12.92,21.04,44.47,22.36,99.28,8.12
56011,Crook County,WY,226105.67,390202.86,64851.0,84552.0,15.69,28.65,72.58,30.38,138.04,12.96
56013,Fremont County,WY,205639.86,313752.75,52408.0,67636.0,17.66,28.8,52.57,29.06,110.45,11.14
56015,Goshen County,WY,144308.7,240592.66,48146.0,60570.0,13.49,24.66,66.72,25.8,129.96,11.17
56017,Hot Springs County,WY,141226.16,225870.76,46021.0,60622.0,13.81,23.13,59.94,31.73,120.6,9.32
56019,Johnson County,WY,234845.76,393313.56,56845.0,76127.0,18.59,32.07,67.48,33.92,131.0,13.48
56021,Laramie County,WY,239692.55,370484.41,59147.0,82615.0,18.24,27.84,54.57,39.68,113.2,9.6
56025,Natrona County,WY,216401.57,295212.29,56703.0,74774.0,17.18,24.51,36.42,31.87,88.17,7.33
56029,Park County,WY,236053.21,438143.28,55527.0,73582.0,19.13,36.97,85.61,32.52,156.02,17.83
56031,Platte County,WY,163728.66,261782.02,51863.0,69034.0,14.21,23.54,59.89,33.11,120.54,9.33
56033,Sheridan County,WY,253186.63,415114.62,57122.0,75757.0,19.95,34.02,63.96,32.62,126.15,14.07
56035,Sublette County,WY,296601.62,434278.65,77581.0,88948.0,17.21,30.31,46.42,14.65,101.96,13.1
56037,Sweetwater County,WY,216257.85,275569.49,71867.0,76906.0,13.54,22.25,27.43,7.01,75.76,8.7
56039,Teton County,WY,851814.47,2221390.35,83290.0,151604.0,46.03,90.97,160.78,82.02,259.7,44.93
56041,Uinta County,WY,181298.38,309394.95,62968.0,79267.0,12.96,24.23,70.66,25.88,135.39,11.27
56043,Washakie County,WY,150596.82,238988.21,56088.0,68635.0,12.08,21.62,58.69,22.37,118.89,9.53
56045,Weston County,WY,175739.31,241468.89,60986.0,70640.0,12.97,21.22,37.4,15.83,89.52,8.25
